transactionID,sequence
1,nannannannannanFrontLock1nannannannannannannannanUnlockednannannan Manny Kinwebhook
1,nannannannannanminiCamnannannanExterior-FrontDoormotionnannannannannannannannanwebhook
1,person
1,person
1,person
1,person
1,person
1,person
1,person
1,person
1,person
1,person
1,person
1,person
1,person
1,person
1,person
1,person
1,person
1,person
1,person
1,person
1,person
1,person
1,person
1,person
1,person
1,person
1,person
1,person
1,person
1,person
1,person
1,person
1,person
1,person
2,nannannannannanminiCamnannannanExterior-FrontDoormotionnannannannannannannannanwebhook
2,nannannannannanminiCamnannannanExterior-FrontDoormotionnannannannannannannannanwebhook
2,nannannannannanFrontLock1nannannannannannannannanLockednannannanManny Kinwebhook
2,nannannannannanFrontLock1nannannannannannannannanUnlockednannannan Manny Kinwebhook
3,person
3,person
3,person
3,person
3,person
3,person
3,person
3,person
3,person
3,person
3,person
3,person
3,person
3,person
3,person
3,person
3,person
3,person
3,person
3,person
3,person
3,person
3,person
3,person
3,person
3,person
3,person
3,person
3,person
3,person
3,person
3,person
3,person
3,person
3,person
3,person
3,person
3,person
3,person
3,person
3,person
3,person
3,person
3,person
3,person
3,person
3,person
3,person
3,person
3,person
3,person
3,person
3,person
3,person
3,person
3,person
3,person
3,nannannannannanAlexanannannannanVoice Activationnannannannannanlampnannanwebhook
3,nannannannannanAlexanannannannanVoice Deactivationnannannannannanlampnannanwebhook
4,person
4,person
4,person
4,person
4,person
4,nannannannannanFrontLock1nannannannannannannannanUnlockednannannan Manny Kinwebhook
4,nannannannannanminiCamnannannanExterior-FrontDoormotionnannannannannannannannanwebhook
4,nannannannannanminiCamnannannanExterior-FrontDoormotionnannannannannannannannanwebhook
5,nannannannannanFrontLock1nannannannannannannannanLockednannannanManny Kinwebhook
5,nannannannannanFrontLock1nannannannannannannannanLockednannannanManny Kinwebhook
5,Unknown-Device
5,person
5,person
5,person
5,person
5,person
5,person
5,person
5,person
5,person
5,person
5,person
5,person
5,person
5,person
5,person
5,person
5,person
5,person
5,person
5,person
5,person
5,person
5,person
5,person
5,person
5,person
5,person
5,person
5,person
5,person
5,person
5,person
5,person
6,nannannannannanAlexanannannannanVoice Activationnannannannannanlampnannanwebhook
6,nannannannannanminiCamnannannanExterior-FrontDoormotionnannannannannannannannanwebhook
6,nannannannannanFrontLock1nannannannannannannannanUnlockednannannan Manny Kinwebhook
7,nannannannannanAlexanannannannanVoice Deactivationnannannannannanlampnannanwebhook
7,person
7,person
7,person
7,person
7,person
7,person
7,person
7,person
7,person
7,person
7,person
7,person
7,person
7,person
7,person
7,person
7,person
7,person
7,person
7,person
7,person
7,person
7,person
7,person
7,person
7,person
7,person
7,person
7,person
7,person
7,person
7,person
7,person
7,person
7,nannannannannanFrontLock1nannannannannannannannanLockednannannanManny Kinwebhook
8,person
8,person
8,person
8,person
8,person
8,person
8,person
8,person
8,person
8,person
8,person
8,person
8,person
8,person
8,person
8,person
8,person
8,person
8,person
8,person
8,person
8,person
8,person
8,person
8,person
8,person
8,person
8,person
8,person
8,person
8,person
8,person
8,person
8,person
8,person
8,person
8,person
8,person
8,Unknown-Device
8,person
8,person
8,person
8,person
8,person
8,person
8,person
8,person
8,person
8,person
9,Unknown-Device
9,nannannannannanminiCamnannannanExterior-FrontDoormotionnannannannannannannannanwebhook
9,nannannannannanminiCamnannannanExterior-FrontDoormotionnannannannannannannannanwebhook
9,Unknown-Device
9,Unknown-Device
10,person
10,person
10,person
10,person
10,person
10,person
10,person
10,person
10,person
10,person
10,person
10,person
10,person
10,person
10,person
10,person
10,person
10,person
10,person
10,person
10,person
10,person
10,person
10,person
10,person
10,person
10,person
10,person
10,person
10,person
10,person
10,person
10,nannannannannanFrontLock1nannannannannannannannanUnlockednannannan Manny Kinwebhook
10,person
10,person
10,person
10,person
10,person
10,person
10,person
10,person
10,person
10,person
10,person
10,person
10,person
10,person
10,person
10,person
10,person
10,person
10,person
10,person
10,person
10,person
10,person
10,person
10,person
10,person
10,person
10,person
10,person
10,person
10,person
11,nannannannannanminiCamnannannanExterior-FrontDoormotionnannannannannannannannanwebhook
11,nannannannannanminiCamnannannanExterior-FrontDoormotionnannannannannannannannanwebhook
11,nannannannannanAlexanannannannanVoice Activationnannannannannanlampnannanwebhook
11,nannannannannanAlexanannannannanVoice Deactivationnannannannannanlampnannanwebhook
12,nannannannannanFrontLock1nannannannannannannannanLockednannannanManny Kinwebhook
12,person
12,nannannannannanFrontLock1nannannannannannannannanUnlockednannannan Manny Kinwebhook
13,nannannannannanFrontLock1nannannannannannannannanUnlockednannannanManual Unlockwebhook
13,nannannannannanminiCamnannannanExterior-FrontDoormotionnannannannannannannannanwebhook
13,nannannannannanminiCamnannannanExterior-FrontDoormotionnannannannannannannannanwebhook
13,nannannannannanFrontLock1nannannannannannannannanLockednannannanManny Kinwebhook
14,person
14,person
14,person
14,person
14,person
14,person
14,person
14,person
14,person
14,person
14,person
14,person
14,person
14,person
14,person
14,person
14,person
14,person
14,person
14,person
14,person
14,Unknown-Device
14,Unknown-Device
14,nannannannannanFrontLock1nannannannannannannannanUnlockednannannanManual Unlockwebhook
15,nannannannannanminiCamnannannanExterior-FrontDoormotionnannannannannannannannanwebhook
15,nannannannannanminiCamnannannanExterior-FrontDoormotionnannannannannannannannanwebhook
15,nannannannannanFrontLock1nannannannannannannannanLockednannannanManny Kinwebhook
15,nannannannannanFrontLock1nannannannannannannannanLockednannannanManual Lockwebhook
16,nannannannannanminiCamnannannanExterior-FrontDoormotionnannannannannannannannanwebhook
16,nannannannannanminiCamnannannanExterior-FrontDoormotionnannannannannannannannanwebhook
16,nannannannannanminiCamnannannanExterior-FrontDoormotionnannannannannannannannanwebhook
16,nannannannannanFrontLock1nannannannannannannannanUnlockednannannan Manny Kinwebhook
16,nannannannannanFrontLock1nannannannannannannannanUnlockednannannanManual Unlockwebhook
17,Unknown-Webcam
17,Unknown-Webcam
17,nannannannannanFrontLock1nannannannannannannannanLockednannannanManual Lockwebhook
17,nannannannannanFrontLock1nannannannannannannannanLockednannannanManny Kinwebhook
18,Unknown-Device
18,Unknown-Device
18,Unknown-Device
18,nannannannannanminiCamnannannanExterior-FrontDoormotionnannannannannannannannanwebhook
18,nannannannannanminiCamnannannanExterior-FrontDoormotionnannannannannannannannanwebhook
18,nannannannannanFrontLock1nannannannannannannannanUnlockednannannan Manny Kinwebhook
19,nannannannannanFrontLock1nannannannannannannannanLockednannannanManual Lockwebhook
19,Unknown-Device
19,Unknown-Device
19,Unknown-Device
19,nannannannannanminiCamnannannanExterior-FrontDoormotionnannannannannannannannanwebhook
19,nannannannannanminiCamnannannanExterior-FrontDoormotionnannannannannannannannanwebhook
20,Unknown-Device
20,nannannannannanminiCamnannannanExterior-FrontDoormotionnannannannannannannannanwebhook
20,nannannannannanminiCamnannannanExterior-FrontDoormotionnannannannannannannannanwebhook
20,nannannannannanminiCamnannannanExterior-FrontDoormotionnannannannannannannannanwebhook
