transactionID,sequence,count
1,person,1
2,person,1
3,person,1
4,person,1
5,person,1
6,person,1
7,person,1
8,person,1
9,person,1
10,person,1
11,person,1
12,person,1
13,person,1
14,person,1
15,person,1
16,person,1
17,person,1
18,person,1
19,person,1
20,person,1
21,person,1
22,person,1
23,person,1
24,person,1
25,person,1
26,person,1
27,person,1
28,person,1
29,person,1
30,person,1
31,person,1
32,person,1
33,person,1
34,person,1
35,person,1
36,person,1
37,person,1
38,person,1
39,person,1
40,person,1
41,person,1
42,person,1
43,person,1
44,person,8
44,nannannannannanFrontLock1nannannannanUnlockednannannan Manny Kinwebhook,8
44,nannannannannanAlexanannanVoice Activationnannannanlampnannanwebhook,8
44,nannannannannanAlexanannanVoice Deactivationnannannanlampnannanwebhook,8
44,nannannannannanRoom1LampnannanOffnannannannannannanwebhook,8
44,nannannannannanminiCamnanExterior-FrontDoormotionnannannannannannanwebhook,8
44,nannannannannanminiCamnanExterior-FrontDoormotionnannannannannannanwebhook,8
44,nannannannannanFrontLock1nannannannanLockednannannanManny Kinwebhook,8
45,person,1
46,person,1
47,person,1
48,person,1
49,person,1
50,person,1
51,person,1
52,person,5
52,nannannannannanFrontLock1nannannannanUnlockednannannan Manny Kinwebhook,5
52,nannannannannanAlexanannanVoice Activationnannannanlampnannanwebhook,5
52,nannannannannanAlexanannanVoice Deactivationnannannanlampnannanwebhook,5
52,nannannannannanFrontLock1nannannannanLockednannannanManny Kinwebhook,5
53,person,1
54,person,1
55,person,1
56,person,1
57,person,1
58,person,1
59,person,1
60,person,1
61,person,1
62,person,1
63,person,1
64,person,1
65,person,1
66,person,1
67,person,1
68,person,1
69,person,1
70,person,1
71,person,8
71,nannannannannanFrontLock1nannannannanUnlockednannannan Manny Kinwebhook,8
71,nannannannannanAlexanannanVoice Activationnannannanlampnannanwebhook,8
71,nannannannannanAlexanannanVoice Deactivationnannannanlampnannanwebhook,8
71,nannannannannanminiCamnanExterior-FrontDoormotionnannannannannannanwebhook,8
71,nannannannannanminiCamnanExterior-FrontDoormotionnannannannannannanwebhook,8
71,nannannannannanRoom1LampnannanOffnannannannannannanwebhook,8
71,nannannannannanFrontLock1nannannannanLockednannannanManny Kinwebhook,8
72,person,1
73,person,1
74,person,1
75,person,1
76,person,1
77,person,1
78,person,1
79,person,1
80,person,1
81,person,1
82,person,1
83,person,1
84,person,1
85,person,1
86,person,1
87,person,1
88,person,1
89,person,1
90,person,1
91,person,1
92,person,1
93,person,1
94,person,1
95,person,1
96,person,1
97,person,1
98,person,1
99,person,1
100,person,1
101,person,1
102,person,1
103,person,1
104,person,1
105,person,1
106,person,6
106,nannannannannanFrontLock1nannannannanUnlockednannannan Manny Kinwebhook,6
106,nannannannannanAlexanannanVoice Activationnannannanlampnannanwebhook,6
106,nannannannannanAlexanannanVoice Deactivationnannannanlampnannanwebhook,6
106,nannannannannanFrontLock1nannannannanLockednannannanManny Kinwebhook,6
106,nannannannannanFrontLock1nannannannanUnlockednannannan Manny Kinwebhook,6
107,person,1
108,person,1
109,person,1
110,person,1
111,person,1
112,person,1
113,person,1
114,person,1
115,person,1
116,person,1
117,person,1
118,person,1
119,person,1
120,person,1
121,person,1
122,person,1
123,person,1
124,person,1
125,person,1
126,person,1
127,person,1
128,person,1
129,person,1
130,person,1
131,person,2
131,nannannannannanRoom1LampnannanOffnannannannannannanwebhook,2
132,person,1
133,person,1
134,person,1
135,person,1
136,person,1
137,person,1
138,person,1
139,person,1
140,person,1
141,person,1
142,person,2
142,nannannannannanminiCamnanExterior-FrontDoormotionnannannannannannanwebhook,2
143,person,1
144,person,1
145,person,2
145,nannannannannanminiCamnanExterior-FrontDoormotionnannannannannannanwebhook,2
146,person,1
147,person,2
147,nannannannannanminiCamnanExterior-FrontDoormotionnannannannannannanwebhook,2
148,person,5
148,nannannannannanFrontLock1nannannannanUnlockednannannan Manny Kinwebhook,5
148,nannannannannanAlexanannanVoice Activationnannannanlampnannanwebhook,5
148,nannannannannanAlexanannanVoice Deactivationnannannanlampnannanwebhook,5
148,nannannannannanFrontLock1nannannannanLockednannannanManny Kinwebhook,5
149,person,1
150,person,1
151,person,1
152,person,1
153,person,1
154,person,1
155,person,1
156,person,1
157,person,1
158,person,1
159,person,1
160,person,1
161,person,1
162,person,1
163,person,1
164,person,1
165,person,1
166,person,1
167,person,1
168,person,1
169,person,1
170,person,1
171,person,1
172,person,1
173,person,1
174,person,1
175,person,1
176,person,8
176,nannannannannanFrontLock1nannannannanUnlockednannannan Manny Kinwebhook,8
176,nannannannannanAlexanannanVoice Activationnannannanlampnannanwebhook,8
176,nannannannannanAlexanannanVoice Deactivationnannannanlampnannanwebhook,8
176,nannannannannanminiCamnanExterior-FrontDoormotionnannannannannannanwebhook,8
176,nannannannannanminiCamnanExterior-FrontDoormotionnannannannannannanwebhook,8
176,nannannannannanRoom1LampnannanOffnannannannannannanwebhook,8
176,nannannannannanFrontLock1nannannannanLockednannannanManny Kinwebhook,8
177,person,1
178,person,1
179,person,1
180,person,1
181,person,1
182,person,1
183,person,1
184,person,1
185,person,1
186,person,1
187,person,1
188,person,1
189,person,1
190,person,1
191,person,1
192,person,1
193,person,1
194,person,1
195,person,1
196,person,1
197,person,1
198,person,1
199,person,1
200,person,1
201,person,1
202,person,1
203,person,1
204,person,1
205,person,1
206,person,1
207,person,1
208,person,1
209,person,1
210,person,1
211,person,7
211,nannannannannanFrontLock1nannannannanUnlockednannannan Manny Kinwebhook,7
211,nannannannannanFrontLock1nannannannanUnlockednannannan Manual Unlockwebhook,7
211,nannannannannanFrontLock1nannannannanLockednannannanManual Lockwebhook,7
211,nannannannannanAlexanannanVoice Activationnannannanlampnannanwebhook,7
211,nannannannannanAlexanannanVoice Deactivationnannannanlampnannanwebhook,7
211,nannannannannanFrontLock1nannannannanLockednannannanManny Kinwebhook,7
212,person,1
213,person,1
214,person,1
215,person,1
216,person,1
217,person,1
218,person,1
219,person,1
220,person,1
221,person,1
222,person,1
223,person,1
224,person,1
225,person,1
226,person,1
227,person,1
228,person,1
229,person,1
230,person,1
231,person,1
232,person,1
233,person,1
234,person,1
235,person,1
236,person,1
237,person,1
238,person,1
239,person,1
240,person,1
241,person,1
242,person,1
243,person,1
244,person,1
245,person,1
246,person,1
247,person,1
248,person,1
249,person,1
250,person,1
251,person,6
251,nannannannannanFrontLock1nannannannanUnlockednannannan Manny Kinwebhook,6
251,nannannannannanAlexanannanVoice Activationnannannanlampnannanwebhook,6
251,nannannannannanminiCamnanExterior-FrontDoormotionnannannannannannanwebhook,6
251,nannannannannanminiCamnanExterior-FrontDoormotionnannannannannannanwebhook,6
251,nannannannannanAlexanannanVoice Deactivationnannannanlampnannanwebhook,6
252,person,1
253,person,1
254,person,2
254,nannannannannanFrontLock1nannannannanLockednannannanManny Kinwebhook,2
255,person,1
256,person,1
257,person,1
258,person,1
259,person,1
260,person,1
261,person,1
262,person,1
263,person,1
264,person,1
265,person,1
266,person,1
267,person,1
268,person,1
269,person,1
270,person,1
271,person,1
272,person,1
273,person,1
274,person,1
275,person,1
276,person,1
277,person,1
278,person,1
279,person,1
280,person,1
281,person,1
282,person,1
283,person,1
284,person,1
285,person,1
286,person,1
287,person,1
288,person,1
289,person,1
290,person,1
291,person,1
292,person,1
293,person,1
294,person,1
295,person,1
296,person,1
297,person,1
298,person,1
299,person,1
300,person,1
301,person,1
302,person,1
303,person,1
304,person,1
305,person,1
306,person,1
307,person,1
308,person,1
309,person,1
310,person,1
311,person,1
312,person,1
313,person,1
314,person,1
315,person,1
316,person,6
316,nannannannannanFrontLock1nannannannanUnlockednannannan Manny Kinwebhook,6
316,nannannannannanFrontLock1nannannannanUnlockednannannan Manual Unlockwebhook,6
316,nannannannannanFrontLock1nannannannanLockednannannanManual Lockwebhook,6
316,nannannannannanRoom1LampnannanOffnannannannannannanwebhook,6
316,nannannannannanAlexanannanVoice Activationnannannanlampnannanwebhook,6
317,person,2
317,nannannannannanAlexanannanVoice Deactivationnannannanlampnannanwebhook,2
318,person,1
319,person,1
320,person,1
321,person,1
322,person,1
323,person,1
324,person,1
325,person,1
326,person,1
327,person,1
328,person,1
329,person,1
330,person,1
331,person,1
332,person,1
333,person,1
334,person,1
335,person,1
336,person,5
336,nannannannannanFrontLock1nannannannanLockednannannanManny Kinwebhook,5
336,nannannannannanminiCamnanExterior-FrontDoormotionnannannannannannanwebhook,5
336,nannannannannanminiCamnanExterior-FrontDoormotionnannannannannannanwebhook,5
336,nannannannannanRoom1LampnannanOffnannannannannannanwebhook,5
337,person,1
338,person,1
339,person,1
340,person,1
341,person,1
342,person,1
343,person,1
344,person,1
345,person,1
346,person,1
347,person,1
348,person,1
349,person,1
350,person,1
351,person,1
352,person,1
353,person,1
354,person,1
355,person,1
356,person,1
357,person,1
358,person,1
359,person,1
360,person,1
361,person,1
362,person,1
363,person,1
364,person,1
365,person,1
366,person,1
367,person,1
368,person,1
369,person,1
370,person,1
371,person,3
371,nannannannannanFrontLock1nannannannanUnlockednannannan Manny Kinwebhook,3
371,nannannannannanFrontLock1nannannannanLockednannannanManny Kinwebhook,3
372,person,1
373,person,1
374,person,1
375,person,1
376,person,1
377,person,1
378,person,1
379,person,1
380,person,1
381,person,1
382,person,1
383,person,1
384,person,1
385,person,1
386,person,1
387,person,1
388,person,1
389,person,1
390,person,1
391,person,1
392,person,1
393,person,1
394,person,1
395,person,1
396,person,1
397,person,1
398,person,1
399,person,1
400,person,1
401,person,1
402,person,1
403,person,1
404,person,1
405,person,1
406,person,1
407,person,4
407,nannannannannanFrontLock1nannannannanUnlockednannannan Manny Kinwebhook,4
407,nannannannannanAlexanannanVoice Activationnannannanlampnannanwebhook,4
407,nannannannannanAlexanannanVoice Deactivationnannannanlampnannanwebhook,4
408,person,1
409,person,1
410,person,1
411,person,1
412,person,1
413,person,1
414,person,1
415,person,1
416,person,1
417,person,1
418,person,1
419,person,1
420,person,1
421,person,1
422,person,1
423,person,1
424,person,1
425,person,2
425,nannannannannanFrontLock1nannannannanLockednannannanManny Kinwebhook,2
426,person,1
427,person,1
428,person,1
429,person,4
429,nannannannannanminiCamnanExterior-FrontDoormotionnannannannannannanwebhook,4
429,nannannannannanminiCamnanExterior-FrontDoormotionnannannannannannanwebhook,4
429,nannannannannanRoom1LampnannanOffnannannannannannanwebhook,4
430,person,1
431,person,1
432,person,1
433,person,1
434,person,1
435,person,1
436,person,1
437,person,1
438,person,1
439,person,1
440,person,1
441,person,1
442,person,1
443,person,1
444,person,1
445,person,1
446,person,1
447,person,1
448,person,1
449,person,1
450,person,1
451,person,1
452,person,1
453,person,1
454,person,1
455,person,1
456,person,1
457,person,1
458,person,1
459,person,1
460,person,6
460,nannannannannanFrontLock1nannannannanUnlockednannannan Manny Kinwebhook,6
460,nannannannannanAlexanannanVoice Activationnannannanlampnannanwebhook,6
460,nannannannannanFrontLock1nannannannanUnlockednannannan Manual Unlockwebhook,6
460,nannannannannanFrontLock1nannannannanLockednannannanManual Lockwebhook,6
460,nannannannannanAlexanannanVoice Deactivationnannannanlampnannanwebhook,6
461,person,1
462,person,1
463,person,1
464,person,1
465,person,1
466,person,1
467,person,1
468,person,1
469,person,1
470,person,1
471,person,2
471,nannannannannanFrontLock1nannannannanLockednannannanManny Kinwebhook,2
472,person,1
473,person,1
474,person,1
475,person,1
476,person,1
477,person,1
478,person,1
479,person,1
480,person,1
481,person,1
482,person,1
483,person,1
484,person,1
485,person,1
486,person,1
487,person,1
488,person,1
489,person,1
490,person,1
491,person,1
492,person,1
493,person,1
494,person,1
495,person,1
496,person,1
497,person,1
498,person,1
499,person,1
500,person,1
501,person,1
502,person,1
503,person,1
504,person,1
505,person,1
506,person,1
507,person,1
508,person,1
509,person,1
510,person,1
511,person,1
512,person,1
513,person,1
514,person,1
515,person,1
516,person,1
517,person,1
518,person,1
519,person,1
520,person,1
521,person,1
522,person,1
523,person,1
524,person,1
525,person,1
526,person,1
527,person,1
528,person,1
529,person,1
530,person,1
531,person,1
532,person,1
533,person,1
534,person,1
535,person,1
536,person,1
537,person,1
538,person,1
539,person,1
540,person,1
541,person,1
542,person,1
543,person,1
544,person,1
545,person,1
546,person,1
547,person,1
548,person,1
549,person,1
550,person,1
551,person,1
552,person,1
553,person,1
554,person,1
555,person,1
556,person,1
557,person,1
558,person,1
559,person,1
560,person,1
561,person,1
562,person,1
563,person,1
564,person,1
565,person,1
566,person,1
567,person,1
568,person,1
569,person,1
570,person,1
571,person,1
572,person,1
573,person,1
574,person,1
575,person,1
576,person,1
577,person,1
578,person,1
579,person,1
580,person,1
581,person,1
582,person,1
583,person,1
584,person,1
585,person,1
586,person,1
587,person,1
588,person,1
589,person,1
590,person,1
591,person,1
592,person,1
593,person,1
594,person,1
595,person,1
596,person,1
597,person,1
598,person,1
599,person,1
600,person,1
601,person,2
601,nannannannannanminiCamnanExterior-FrontDoormotionnannannannannannanwebhook,2
602,person,1
603,person,1
604,person,1
605,person,2
605,nannannannannanminiCamnanExterior-FrontDoormotionnannannannannannanwebhook,2
606,person,2
606,nannannannannanminiCamnanExterior-FrontDoormotionnannannannannannanwebhook,2
607,person,2
607,nannannannannanminiCamnanExterior-FrontDoormotionnannannannannannanwebhook,2
608,person,1
609,person,1
610,person,1
611,person,1
612,person,1
613,person,1
614,person,1
615,person,1
616,person,1
617,person,2
617,nannannannannanRoom1LampnannanOffnannannannannannanwebhook,2
618,person,1
619,person,1
620,person,1
621,person,1
622,person,1
623,person,1
624,person,1
625,person,1
626,person,1
627,person,1
628,person,1
629,person,1
630,person,1
631,person,5
631,nannannannannanFrontLock1nannannannanUnlockednannannan Manny Kinwebhook,5
631,nannannannannanminiCamnanExterior-FrontDoormotionnannannannannannanwebhook,5
631,nannannannannanminiCamnanExterior-FrontDoormotionnannannannannannanwebhook,5
631,nannannannannanFrontLock1nannannannanLockednannannanManny Kinwebhook,5
632,person,1
633,person,1
634,person,1
635,person,1
636,person,1
637,person,1
638,person,1
639,person,1
640,person,1
641,person,1
642,person,1
643,person,1
644,person,1
645,person,1
646,person,1
647,person,1
648,person,1
649,person,1
650,person,1
651,person,1
652,person,1
653,person,1
654,person,1
655,person,1
656,person,1
657,person,1
658,person,1
659,person,1
660,person,1
661,person,1
662,person,1
663,person,1
664,person,1
665,person,1
666,person,1
667,person,1
668,person,1
669,person,1
670,person,1
671,person,1
672,person,1
673,person,1
674,person,1
675,person,1
676,person,1
677,person,1
678,person,1
679,person,1
680,person,1
681,person,1
682,person,1
683,person,1
684,person,1
685,person,1
686,person,1
687,person,1
688,person,1
689,person,1
690,person,1
691,person,1
692,person,2
692,nannannannannanFrontLock1nannannannanUnlockednannannan Manny Kinwebhook,2
693,person,1
694,person,5
694,nannannannannanAlexanannanVoice Deactivationnannannanlampnannanwebhook,5
694,nannannannannanminiCamnanExterior-FrontDoormotionnannannannannannanwebhook,5
694,nannannannannanminiCamnanExterior-FrontDoormotionnannannannannannanwebhook,5
694,nannannannannanRoom1LampnannanOffnannannannannannanwebhook,5
695,person,1
696,person,1
697,person,1
698,person,1
699,person,1
700,person,1
701,person,1
702,person,1
703,person,1
704,person,1
705,person,1
706,person,1
707,person,1
708,person,1
709,person,1
710,person,1
711,person,1
712,person,1
713,person,1
714,person,1
715,person,1
716,person,1
717,person,1
718,person,1
719,person,1
720,person,1
721,person,1
722,person,1
723,person,1
724,person,1
725,person,1
726,person,1
727,person,1
728,person,1
729,person,1
730,person,1
731,person,1
732,person,1
733,person,1
734,person,1
735,person,1
736,person,1
737,person,1
738,person,1
739,person,1
740,person,1
741,person,1
742,person,1
743,person,1
744,person,1
745,person,1
746,person,1
747,person,1
748,person,1
749,person,1
750,person,2
750,nannannannannanFrontLock1nannannannanLockednannannanManny Kinwebhook,2
751,person,1
752,person,1
753,person,1
754,person,1
755,person,1
756,person,1
757,person,1
758,person,1
759,person,1
760,person,1
761,person,1
762,person,1
763,person,1
764,person,1
765,person,1
766,person,1
767,person,1
768,person,1
769,person,1
770,person,1
771,person,1
772,person,1
773,person,1
774,person,1
775,person,1
776,person,1
777,person,1
778,person,1
779,person,1
780,person,1
781,person,1
782,person,13
782,nannannannannanFrontLock1nannannannanUnlockednannannan Manny Kinwebhook,13
782,nannannannannanAlexanannanVoice Activationnannannanlampnannanwebhook,13
782,nannannannannanAlexanannanVoice Deactivationnannannanlampnannanwebhook,13
782,nannannannannanFrontLock1nannannannanLockednannannanManny Kinwebhook,13
782,nannannannannanminiCamnanExterior-FrontDoormotionnannannannannannanwebhook,13
782,nannannannannanminiCamnanExterior-FrontDoormotionnannannannannannanwebhook,13
782,nannannannannanminiCamnanExterior-FrontDoormotionnannannannannannanwebhook,13
782,nannannannannanRoom1LampnannanOffnannannannannannanwebhook,13
782,nannannannannanFrontLock1nannannannanUnlockednannannan Manny Kinwebhook,13
782,nannannannannanAlexanannanVoice Activationnannannanlampnannanwebhook,13
782,nannannannannanAlexanannanVoice Deactivationnannannanlampnannanwebhook,13
782,nannannannannanFrontLock1nannannannanLockednannannanManny Kinwebhook,13
783,person,1
784,person,1
785,person,1
786,person,1
787,person,1
788,person,1
789,person,1
790,person,1
791,person,1
792,person,13
792,nannannannannanFrontLock1nannannannanUnlockednannannan Manny Kinwebhook,13
792,nannannannannanAlexanannanVoice Activationnannannanlampnannanwebhook,13
792,nannannannannanAlexanannanVoice Deactivationnannannanlampnannanwebhook,13
792,nannannannannanFrontLock1nannannannanLockednannannanManny Kinwebhook,13
792,nannannannannanminiCamnanExterior-FrontDoormotionnannannannannannanwebhook,13
792,nannannannannanminiCamnanExterior-FrontDoormotionnannannannannannanwebhook,13
792,nannannannannanRoom1LampnannanOffnannannannannannanwebhook,13
792,nannannannannanFrontLock1nannannannanUnlockednannannan Manny Kinwebhook,13
792,nannannannannanFrontLock1nannannannanLockednannannanManual Lockwebhook,13
792,nannannannannanFrontLock1nannannannanUnlockednannannan Manual Unlockwebhook,13
792,nannannannannanAlexanannanVoice Deactivationnannannanlampnannanwebhook,13
792,nannannannannanFrontLock1nannannannanLockednannannanManny Kinwebhook,13
793,person,1
794,person,1
795,person,1
796,person,1
797,person,1
798,person,1
799,person,1
800,person,1
801,person,1
802,person,1
803,person,1
804,person,1
805,person,1
806,person,24
806,nannannannannanFrontLock1nannannannanUnlockednannannan Manny Kinwebhook,24
806,nannannannannanAlexanannanVoice Activationnannannanlampnannanwebhook,24
806,nannannannannanminiCamnanExterior-FrontDoormotionnannannannannannanwebhook,24
806,nannannannannanminiCamnanExterior-FrontDoormotionnannannannannannanwebhook,24
806,nannannannannanAlexanannanVoice Deactivationnannannanlampnannanwebhook,24
806,nannannannannanFrontLock1nannannannanLockednannannanManny Kinwebhook,24
806,nannannannannanFrontLock1nannannannanUnlockednannannan Manny Kinwebhook,24
806,nannannannannanAlexanannanVoice Deactivationnannannanlampnannanwebhook,24
806,nannannannannanFrontLock1nannannannanLockednannannanManny Kinwebhook,24
806,nannannannannanRoom1LampnannanOffnannannannannannanwebhook,24
806,nannannannannanminiCamnanExterior-FrontDoormotionnannannannannannanwebhook,24
806,nannannannannanminiCamnanExterior-FrontDoormotionnannannannannannanwebhook,24
806,nannannannannanFrontLock1nannannannanUnlockednannannan Manny Kinwebhook,24
806,nannannannannanAlexanannanVoice Activationnannannanlampnannanwebhook,24
806,nannannannannanAlexanannanVoice Deactivationnannannanlampnannanwebhook,24
806,nannannannannanFrontLock1nannannannanUnlockednannannan Manual Unlockwebhook,24
806,nannannannannanFrontLock1nannannannanLockednannannanManual Lockwebhook,24
806,nannannannannanFrontLock1nannannannanLockednannannanManny Kinwebhook,24
806,nannannannannanFrontLock1nannannannanUnlockednannannan Manny Kinwebhook,24
806,nannannannannanAlexanannanVoice Activationnannannanlampnannanwebhook,24
806,nannannannannanFrontLock1nannannannanLockednannannanManny Kinwebhook,24
806,nannannannannanminiCamnanExterior-FrontDoormotionnannannannannannanwebhook,24
806,nannannannannanminiCamnanExterior-FrontDoormotionnannannannannannanwebhook,24
807,person,1
808,person,1
809,person,1
810,person,1
811,person,1
812,person,1
813,person,1
814,person,1
815,person,1
816,person,1
817,person,1
818,person,1
819,person,1
820,person,1
821,person,1
822,person,1
823,person,1
824,person,1
825,person,1
826,person,1
827,person,1
828,person,1
829,person,1
830,person,1
831,person,1
832,person,1
833,person,1
834,person,1
835,person,1
836,person,1
837,person,1
838,person,1
839,person,1
840,person,1
841,person,1
842,person,1
843,person,1
844,person,1
845,person,1
846,person,3
846,nannannannannanFrontLock1nannannannanUnlockednannannan Manny Kinwebhook,3
846,nannannannannanAlexanannanVoice Deactivationnannannanlampnannanwebhook,3
847,person,1
848,person,1
849,person,1
850,person,1
851,person,1
852,person,1
853,person,1
854,person,2
854,nannannannannanFrontLock1nannannannanLockednannannanManny Kinwebhook,2
855,person,1
856,person,1
857,person,1
858,person,1
859,person,1
860,person,1
861,person,1
862,person,1
863,person,1
864,person,1
865,person,1
866,person,1
867,person,1
868,person,1
869,person,1
870,person,1
871,person,1
872,person,1
873,person,1
874,person,1
875,person,1
876,person,1
877,person,1
878,person,1
879,person,1
880,person,1
881,person,1
882,person,1
883,person,1
884,person,1
885,person,1
886,person,1
887,person,1
888,person,1
889,person,1
890,person,1
891,person,1
892,person,1
893,person,1
894,person,1
895,person,1
896,person,1
897,person,5
897,nannannannannanFrontLock1nannannannanUnlockednannannan Manny Kinwebhook,5
897,nannannannannanAlexanannanVoice Activationnannannanlampnannanwebhook,5
897,nannannannannanminiCamnanExterior-FrontDoormotionnannannannannannanwebhook,5
897,nannannannannanminiCamnanExterior-FrontDoormotionnannannannannannanwebhook,5
898,person,1
899,person,1
900,person,1
901,person,1
902,person,1
903,person,1
904,person,1
905,person,1
906,person,1
907,person,1
908,person,1
909,person,2
909,nannannannannanFrontLock1nannannannanLockednannannanManny Kinwebhook,2
910,person,1
911,person,1
912,person,1
913,person,1
914,person,1
915,person,1
916,person,1
917,person,1
918,person,1
919,person,1
920,person,1
921,person,1
922,person,1
923,person,1
924,person,1
925,person,1
926,person,1
927,person,1
928,person,1
929,person,1
930,person,1
931,person,1
932,person,1
933,person,1
934,person,1
935,person,1
936,person,1
937,person,1
938,person,4
938,nannannannannanFrontLock1nannannannanUnlockednannannan Manny Kinwebhook,4
938,nannannannannanAlexanannanVoice Deactivationnannannanlampnannanwebhook,4
938,nannannannannanFrontLock1nannannannanLockednannannanManual Lockwebhook,4
939,person,1
940,person,1
941,person,1
942,person,2
942,nannannannannanFrontLock1nannannannanLockednannannanManny Kinwebhook,2
943,person,1
944,person,1
945,person,1
946,person,1
947,person,1
948,person,1
949,person,1
950,person,1
951,person,1
952,person,1
953,person,1
954,person,1
955,person,1
956,person,1
957,person,1
958,person,1
959,person,1
960,person,1
961,person,1
962,person,1
963,person,1
964,person,1
965,person,1
966,person,1
967,person,1
968,person,1
969,person,1
970,person,1
971,person,1
972,person,1
973,person,1
974,person,1
975,person,7
975,nannannannannanFrontLock1nannannannanUnlockednannannan Manny Kinwebhook,7
975,nannannannannanAlexanannanVoice Activationnannannanlampnannanwebhook,7
975,nannannannannanAlexanannanVoice Deactivationnannannanlampnannanwebhook,7
975,nannannannannanminiCamnanExterior-FrontDoormotionnannannannannannanwebhook,7
975,nannannannannanminiCamnanExterior-FrontDoormotionnannannannannannanwebhook,7
975,nannannannannanRoom1LampnannanOffnannannannannannanwebhook,7
976,person,1
977,person,1
978,person,1
979,person,1
980,person,1
981,person,1
982,person,1
983,person,1
984,person,1
985,person,1
986,person,1
987,person,1
988,person,1
989,person,1
990,person,1
991,person,2
991,nannannannannanFrontLock1nannannannanLockednannannanManny Kinwebhook,2
992,person,1
993,person,1
994,person,1
995,person,1
996,person,1
997,person,1
998,person,1
999,person,1
1000,person,1
1001,person,1
1002,person,1
1003,person,1
1004,person,1
1005,person,1
1006,person,1
1007,person,1
1008,person,1
1009,person,1
1010,person,1
1011,person,1
1012,person,1
1013,person,1
1014,person,1
1015,person,1
1016,person,1
1017,person,1
1018,person,1
1019,person,1
1020,person,1
1021,person,1
1022,person,1
1023,person,1
1024,person,1
1025,person,4
1025,nannannannannanFrontLock1nannannannanUnlockednannannan Manny Kinwebhook,4
1025,nannannannannanAlexanannanVoice Activationnannannanlampnannanwebhook,4
1025,nannannannannanAlexanannanVoice Deactivationnannannanlampnannanwebhook,4
1026,person,1
1027,person,1
1028,person,1
1029,person,1
1030,person,1
1031,person,1
1032,person,1
1033,person,1
1034,person,1
1035,person,1
1036,person,1
1037,person,1
1038,person,4
1038,nannannannannanFrontLock1nannannannanLockednannannanManny Kinwebhook,4
1038,nannannannannanminiCamnanExterior-FrontDoormotionnannannannannannanwebhook,4
1038,nannannannannanminiCamnanExterior-FrontDoormotionnannannannannannanwebhook,4
1039,person,1
1040,person,1
1041,person,1
1042,person,1
1043,person,1
1044,person,1
1045,person,1
1046,person,1
1047,person,1
1048,person,1
1049,person,1
1050,person,1
1051,person,1
1052,person,1
1053,person,2
1053,nannannannannanRoom1LampnannanOffnannannannannannanwebhook,2
1054,person,1
1055,person,1
1056,person,1
1057,person,1
1058,person,1
1059,person,1
1060,person,1
1061,person,1
1062,person,1
1063,person,1
1064,person,1
1065,person,1
1066,person,1
1067,person,1
1068,person,1
1069,person,1
1070,person,1
1071,person,4
1071,nannannannannanFrontLock1nannannannanUnlockednannannan Manny Kinwebhook,4
1071,nannannannannanAlexanannanVoice Activationnannannanlampnannanwebhook,4
1071,nannannannannanAlexanannanVoice Deactivationnannannanlampnannanwebhook,4
1072,person,1
1073,person,1
1074,person,1
1075,person,1
1076,person,1
1077,person,1
1078,person,1
1079,person,1
1080,person,2
1080,nannannannannanFrontLock1nannannannanLockednannannanManny Kinwebhook,2
1081,person,1
1082,person,1
1083,person,1
1084,person,1
1085,person,1
1086,person,1
1087,person,1
1088,person,1
1089,person,1
1090,person,1
1091,person,1
1092,person,1
1093,person,1
1094,person,1
1095,person,1
1096,person,1
1097,person,1
1098,person,1
1099,person,1
1100,person,1
1101,person,1
1102,person,1
1103,person,1
1104,person,1
1105,person,1
1106,person,1
1107,person,1
1108,person,1
1109,person,1
1110,person,1
1111,person,1
1112,person,1
1113,person,2
1113,nannannannannanFrontLock1nannannannanUnlockednannannan Manny Kinwebhook,2
1114,person,1
1115,person,1
1116,person,1
1117,person,1
1118,person,1
1119,person,1
1120,person,1
1121,person,6
1121,nannannannannanAlexanannanVoice Activationnannannanlampnannanwebhook,6
1121,nannannannannanAlexanannanVoice Deactivationnannannanlampnannanwebhook,6
1121,nannannannannanminiCamnanExterior-FrontDoormotionnannannannannannanwebhook,6
1121,nannannannannanminiCamnanExterior-FrontDoormotionnannannannannannanwebhook,6
1121,nannannannannanminiCamnanExterior-FrontDoormotionnannannannannannanwebhook,6
1122,person,1
1123,person,1
1124,person,1
1125,person,1
1126,person,1
1127,person,1
1128,person,1
1129,person,1
1130,person,1
1131,person,1
1132,person,1
1133,person,1
1134,person,1
1135,person,1
1136,person,2
1136,nannannannannanRoom1LampnannanOffnannannannannannanwebhook,2
1137,person,1
1138,person,1
1139,person,2
1139,nannannannannanFrontLock1nannannannanLockednannannanManny Kinwebhook,2
1140,person,1
1141,person,1
1142,person,1
1143,person,1
1144,person,1
1145,person,1
1146,person,1
1147,person,1
1148,person,1
1149,person,1
1150,person,1
1151,person,1
1152,person,1
1153,person,1
1154,person,1
1155,person,1
1156,person,1
1157,person,1
1158,person,1
1159,person,1
1160,person,1
1161,person,1
1162,person,1
1163,person,1
1164,person,1
1165,person,1
1166,person,1
1167,person,1
1168,person,1
1169,person,1
1170,person,1
1171,person,1
1172,person,1
1173,person,1
1174,person,1
1175,person,1
1176,person,1
1177,person,1
1178,person,1
1179,person,1
1180,person,1
1181,person,1
1182,person,1
1183,person,1
1184,person,1
1185,person,1
1186,person,1
1187,person,1
1188,person,1
1189,person,1
1190,person,1
1191,person,4
1191,nannannannannanFrontLock1nannannannanUnlockednannannan Manny Kinwebhook,4
1191,nannannannannanAlexanannanVoice Activationnannannanlampnannanwebhook,4
1191,nannannannannanAlexanannanVoice Deactivationnannannanlampnannanwebhook,4
1192,person,1
1193,person,1
1194,person,1
1195,person,1
1196,person,1
1197,person,1
1198,person,1
1199,person,1
1200,person,1
1201,person,1
1202,person,1
1203,person,1
1204,person,1
1205,person,1
1206,person,2
1206,nannannannannanFrontLock1nannannannanLockednannannanManny Kinwebhook,2
1207,person,1
1208,person,1
1209,person,1
1210,person,1
1211,person,1
1212,person,1
1213,person,1
1214,person,1
1215,person,1
1216,person,1
1217,person,1
1218,person,1
1219,person,1
1220,person,1
1221,person,1
1222,person,1
1223,person,1
1224,person,1
1225,person,1
1226,person,1
1227,person,1
1228,person,1
1229,person,1
1230,person,1
1231,person,1
1232,person,1
1233,person,1
1234,person,1
1235,person,1
1236,person,1
1237,person,1
1238,person,1
1239,person,1
1240,person,1
1241,person,1
1242,person,1
1243,person,1
1244,person,1
1245,person,1
1246,person,1
1247,person,1
1248,person,1
1249,person,1
1250,person,1
1251,person,1
1252,person,1
1253,person,1
1254,person,1
1255,person,1
1256,person,1
1257,person,1
1258,person,1
1259,person,7
1259,nannannannannanFrontLock1nannannannanUnlockednannannan Manny Kinwebhook,7
1259,nannannannannanAlexanannanVoice Deactivationnannannanlampnannanwebhook,7
1259,nannannannannanminiCamnanExterior-FrontDoormotionnannannannannannanwebhook,7
1259,nannannannannanminiCamnanExterior-FrontDoormotionnannannannannannanwebhook,7
1259,nannannannannanPlug1nannanActivatednannannannannannanwebhook,7
1259,nannannannannanRoom1LampnannanOffnannannannannannanwebhook,7
1260,person,1
1261,person,1
1262,person,1
1263,person,1
1264,person,1
1265,person,1
1266,person,1
1267,person,1
1268,person,1
1269,person,1
1270,person,1
1271,person,1
1272,person,1
1273,person,1
1274,person,1
1275,person,1
1276,person,1
1277,person,1
1278,person,1
1279,person,1
1280,person,1
1281,person,2
1281,nannannannannanFrontLock1nannannannanLockednannannanManny Kinwebhook,2
1282,person,1
1283,person,1
1284,person,1
1285,person,1
1286,person,1
1287,person,1
1288,person,1
1289,person,1
1290,person,1
1291,person,1
1292,person,1
1293,person,1
1294,person,1
1295,person,1
1296,person,1
1297,person,1
1298,person,1
1299,person,1
1300,person,1
1301,person,1
1302,person,1
1303,person,1
1304,person,1
1305,person,1
1306,person,1
1307,person,1
1308,person,1
1309,person,1
1310,person,1
1311,person,1
1312,person,1
1313,person,1
1314,person,1
1315,person,1
1316,person,1
1317,person,1
1318,person,1
1319,person,1
1320,person,1
1321,person,1
1322,person,1
1323,person,1
1324,person,1
1325,person,1
1326,person,1
1327,person,1
1328,person,1
1329,person,1
1330,person,1
1331,person,1
1332,person,1
1333,person,1
1334,person,1
1335,person,1
1336,person,1
1337,person,1
1338,person,1
1339,person,1
1340,person,1
1341,person,1
1342,person,1
1343,person,1
1344,person,1
1345,person,1
1346,person,1
1347,person,1
1348,person,1
1349,person,1
1350,person,1
1351,person,1
1352,person,1
1353,person,1
1354,person,1
1355,person,1
1356,person,1
1357,person,1
1358,person,1
1359,person,2
1359,nannannannannanFrontLock1nannannannanUnlockednannannan Manny Kinwebhook,2
1360,person,1
1361,person,1
1362,person,1
1363,person,1
1364,person,1
1365,person,1
1366,person,1
1367,person,1
1368,person,1
1369,person,1
1370,person,1
1371,person,1
1372,person,2
1372,nannannannannanFrontLock1nannannannanLockednannannanManny Kinwebhook,2
