_id,_index,_score,_source.message,_source.payload,_source.timestamp,_type
Tue Apr 10 2018 20:05:00 GMT+0000 (UTC),safehouse-ap-devices-2018-04-10,1.0,Found 204894 Events,,2018-04-10T20:05:00.034Z,webhook
Tue Apr 10 2018 22:05:00 GMT+0000 (UTC),safehouse-ap-devices-2018-04-10,1.0,Found 263066 Events,,2018-04-10T22:05:00.047Z,webhook
Tue Apr 10 2018 19:55:00 GMT+0000 (UTC),safehouse-ap-devices-2018-04-10,1.0,Found 191204 Events,,2018-04-10T19:55:00.051Z,webhook
Tue Apr 10 2018 20:10:00 GMT+0000 (UTC),safehouse-ap-devices-2018-04-10,1.0,Found 212924 Events,,2018-04-10T20:10:00.047Z,webhook
Tue Apr 10 2018 20:25:00 GMT+0000 (UTC),safehouse-ap-devices-2018-04-10,1.0,Found 228474 Events,,2018-04-10T20:25:00.056Z,webhook
Tue Apr 10 2018 21:10:00 GMT+0000 (UTC),safehouse-ap-devices-2018-04-10,1.0,Found 260465 Events,,2018-04-10T21:10:00.030Z,webhook
Tue Apr 10 2018 21:15:00 GMT+0000 (UTC),safehouse-ap-devices-2018-04-10,1.0,Found 260950 Events,,2018-04-10T21:15:00.033Z,webhook
Tue Apr 10 2018 21:50:00 GMT+0000 (UTC),safehouse-ap-devices-2018-04-10,1.0,Found 262750 Events,,2018-04-10T21:50:00.039Z,webhook
Tue Apr 10 2018 22:10:00 GMT+0000 (UTC),safehouse-ap-devices-2018-04-10,1.0,Found 263082 Events,,2018-04-10T22:10:00.036Z,webhook
Tue Apr 10 2018 22:15:00 GMT+0000 (UTC),safehouse-ap-devices-2018-04-10,1.0,Found 263133 Events,,2018-04-10T22:15:00.014Z,webhook
Tue Apr 10 2018 22:40:00 GMT+0000 (UTC),safehouse-ap-devices-2018-04-10,1.0,Found 263417 Events,,2018-04-10T22:40:00.029Z,webhook
Tue Apr 10 2018 23:15:00 GMT+0000 (UTC),safehouse-ap-devices-2018-04-10,1.0,Found 263886 Events,,2018-04-10T23:15:00.042Z,webhook
Tue Apr 10 2018 23:25:00 GMT+0000 (UTC),safehouse-ap-devices-2018-04-10,1.0,Found 263960 Events,,2018-04-10T23:25:00.025Z,webhook
Wed Apr 11 2018 05:00:00 GMT+0000 (UTC),safehouse-ap-devices-2018-04-11,1.0,Found 168101 Events,,2018-04-11T05:00:00.020Z,webhook
Wed Apr 11 2018 08:05:00 GMT+0000 (UTC),safehouse-ap-devices-2018-04-11,1.0,Found 175680 Events,,2018-04-11T08:05:00.032Z,webhook
Wed Apr 11 2018 02:30:00 GMT+0000 (UTC),safehouse-ap-devices-2018-04-11,1.0,Found 103608 Events,,2018-04-11T02:30:00.040Z,webhook
Wed Apr 11 2018 04:55:00 GMT+0000 (UTC),safehouse-ap-devices-2018-04-11,1.0,Found 168101 Events,,2018-04-11T04:55:00.016Z,webhook
Wed Apr 11 2018 07:50:00 GMT+0000 (UTC),safehouse-ap-devices-2018-04-11,1.0,Found 175010 Events,,2018-04-11T07:50:00.020Z,webhook
Wed Apr 11 2018 08:25:00 GMT+0000 (UTC),safehouse-ap-devices-2018-04-11,1.0,Found 177584 Events,,2018-04-11T08:25:00.029Z,webhook
Wed Apr 11 2018 00:25:00 GMT+0000 (UTC),safehouse-ap-devices-2018-04-11,1.0,Found 19948 Events,,2018-04-11T00:25:00.039Z,webhook
Wed Apr 11 2018 00:30:00 GMT+0000 (UTC),safehouse-ap-devices-2018-04-11,1.0,Found 22110 Events,,2018-04-11T00:30:00.020Z,webhook
Wed Apr 11 2018 00:50:00 GMT+0000 (UTC),safehouse-ap-devices-2018-04-11,1.0,Found 24599 Events,,2018-04-11T00:50:00.021Z,webhook
Wed Apr 11 2018 00:55:00 GMT+0000 (UTC),safehouse-ap-devices-2018-04-11,1.0,Found 30582 Events,,2018-04-11T00:55:00.023Z,webhook
Wed Apr 11 2018 10:05:00 GMT+0000 (UTC),safehouse-ap-devices-2018-04-11,1.0,Found 181386 Events,,2018-04-11T10:05:00.015Z,webhook
Wed Apr 11 2018 09:30:00 GMT+0000 (UTC),safehouse-ap-devices-2018-04-11,1.0,Found 181284 Events,,2018-04-11T09:30:00.020Z,webhook
Wed Apr 11 2018 10:10:00 GMT+0000 (UTC),safehouse-ap-devices-2018-04-11,1.0,Found 181405 Events,,2018-04-11T10:10:00.022Z,webhook
Wed Apr 11 2018 10:30:00 GMT+0000 (UTC),safehouse-ap-devices-2018-04-11,1.0,Found 181503 Events,,2018-04-11T10:30:00.026Z,webhook
Wed Apr 11 2018 10:45:00 GMT+0000 (UTC),safehouse-ap-devices-2018-04-11,1.0,Found 181844 Events,,2018-04-11T10:45:00.037Z,webhook
Wed Apr 11 2018 11:50:00 GMT+0000 (UTC),safehouse-ap-devices-2018-04-11,1.0,Found 188366 Events,,2018-04-11T11:50:00.022Z,webhook
Wed Apr 11 2018 11:55:00 GMT+0000 (UTC),safehouse-ap-devices-2018-04-11,1.0,Found 188662 Events,,2018-04-11T11:55:00.019Z,webhook
Wed Apr 11 2018 13:00:00 GMT+0000 (UTC),safehouse-ap-devices-2018-04-11,1.0,Found 191796 Events,,2018-04-11T13:00:00.024Z,webhook
Wed Apr 11 2018 13:30:00 GMT+0000 (UTC),safehouse-ap-devices-2018-04-11,1.0,Found 196892 Events,,2018-04-11T13:30:00.024Z,webhook
Wed Apr 11 2018 13:35:00 GMT+0000 (UTC),safehouse-ap-devices-2018-04-11,1.0,Found 198641 Events,,2018-04-11T13:35:00.016Z,webhook
Wed Apr 11 2018 14:15:00 GMT+0000 (UTC),safehouse-ap-devices-2018-04-11,1.0,Found 205262 Events,,2018-04-11T14:15:00.012Z,webhook
Wed Apr 11 2018 14:25:00 GMT+0000 (UTC),safehouse-ap-devices-2018-04-11,1.0,Found 205600 Events,,2018-04-11T14:25:00.024Z,webhook
Wed Apr 11 2018 14:35:00 GMT+0000 (UTC),safehouse-ap-devices-2018-04-11,1.0,Found 207019 Events,,2018-04-11T14:35:00.024Z,webhook
Wed Apr 11 2018 15:00:00 GMT+0000 (UTC),safehouse-ap-devices-2018-04-11,1.0,Found 209779 Events,,2018-04-11T15:00:00.018Z,webhook
Wed Apr 11 2018 15:20:00 GMT+0000 (UTC),safehouse-ap-devices-2018-04-11,1.0,Found 210036 Events,,2018-04-11T15:20:00.021Z,webhook
Wed Apr 11 2018 15:25:00 GMT+0000 (UTC),safehouse-ap-devices-2018-04-11,1.0,Found 210135 Events,,2018-04-11T15:25:00.023Z,webhook
Wed Apr 11 2018 15:33:46 GMT+0000 (UTC),safehouse-ap-devices-2018-04-11,1.0,Found 210198 Events,,2018-04-11T15:33:46.491Z,webhook
Wed Apr 11 2018 15:35:00 GMT+0000 (UTC),safehouse-ap-devices-2018-04-11,1.0,Found 210198 Events,,2018-04-11T15:35:00.056Z,webhook
Wed Apr 11 2018 16:05:00 GMT+0000 (UTC),safehouse-ap-devices-2018-04-11,1.0,Found 212649 Events,,2018-04-11T16:05:00.038Z,webhook
Wed Apr 11 2018 17:05:00 GMT+0000 (UTC),safehouse-ap-devices-2018-04-11,1.0,Found 218421 Events,,2018-04-11T17:05:00.024Z,webhook
Wed Apr 11 2018 17:10:00 GMT+0000 (UTC),safehouse-ap-devices-2018-04-11,1.0,Found 219676 Events,,2018-04-11T17:10:00.019Z,webhook
Wed Apr 11 2018 18:25:00 GMT+0000 (UTC),safehouse-ap-devices-2018-04-11,1.0,Found 228047 Events,,2018-04-11T18:25:00.022Z,webhook
Mon Apr 16 2018 19:04:30 GMT+0000 (UTC),safehouse-ap-devices-2018-04-16,1.0,Found 21 Events,21,2018-04-16T19:04:30.014Z,webhook
Mon Apr 16 2018 19:58:15 GMT+0000 (UTC),safehouse-ap-devices-2018-04-16,1.0,Found 1 Events,1,2018-04-16T19:58:15.229Z,webhook
Tue Apr 10 2018 19:30:00 GMT+0000 (UTC),safehouse-ap-devices-2018-04-10,1.0,Found 163122 Events,,2018-04-10T19:30:00.050Z,webhook
Tue Apr 10 2018 20:30:00 GMT+0000 (UTC),safehouse-ap-devices-2018-04-10,1.0,Found 234328 Events,,2018-04-10T20:30:00.027Z,webhook
Tue Apr 10 2018 20:50:00 GMT+0000 (UTC),safehouse-ap-devices-2018-04-10,1.0,Found 258665 Events,,2018-04-10T20:50:00.049Z,webhook
Tue Apr 10 2018 21:05:00 GMT+0000 (UTC),safehouse-ap-devices-2018-04-10,1.0,Found 260092 Events,,2018-04-10T21:05:00.067Z,webhook
Tue Apr 10 2018 21:35:00 GMT+0000 (UTC),safehouse-ap-devices-2018-04-10,1.0,Found 262073 Events,,2018-04-10T21:35:00.111Z,webhook
Tue Apr 10 2018 22:00:00 GMT+0000 (UTC),safehouse-ap-devices-2018-04-10,1.0,Found 263040 Events,,2018-04-10T22:00:00.046Z,webhook
Tue Apr 10 2018 23:30:00 GMT+0000 (UTC),safehouse-ap-devices-2018-04-10,1.0,Found 266482 Events,,2018-04-10T23:30:00.049Z,webhook
Tue Apr 10 2018 23:45:00 GMT+0000 (UTC),safehouse-ap-devices-2018-04-10,1.0,Found 283488 Events,,2018-04-10T23:45:00.040Z,webhook
Tue Apr 10 2018 23:50:00 GMT+0000 (UTC),safehouse-ap-devices-2018-04-10,1.0,Found 286482 Events,,2018-04-10T23:50:00.015Z,webhook
Wed Apr 11 2018 02:55:00 GMT+0000 (UTC),safehouse-ap-devices-2018-04-11,1.0,Found 132374 Events,,2018-04-11T02:55:00.021Z,webhook
Wed Apr 11 2018 03:15:00 GMT+0000 (UTC),safehouse-ap-devices-2018-04-11,1.0,Found 154136 Events,,2018-04-11T03:15:00.044Z,webhook
Wed Apr 11 2018 04:25:00 GMT+0000 (UTC),safehouse-ap-devices-2018-04-11,1.0,Found 167848 Events,,2018-04-11T04:25:00.050Z,webhook
Wed Apr 11 2018 00:35:00 GMT+0000 (UTC),safehouse-ap-devices-2018-04-11,1.0,Found 22166 Events,,2018-04-11T00:35:00.040Z,webhook
Wed Apr 11 2018 00:40:00 GMT+0000 (UTC),safehouse-ap-devices-2018-04-11,1.0,Found 22177 Events,,2018-04-11T00:40:00.020Z,webhook
Wed Apr 11 2018 01:25:00 GMT+0000 (UTC),safehouse-ap-devices-2018-04-11,1.0,Found 53883 Events,,2018-04-11T01:25:00.035Z,webhook
Wed Apr 11 2018 01:45:00 GMT+0000 (UTC),safehouse-ap-devices-2018-04-11,1.0,Found 56440 Events,,2018-04-11T01:45:00.037Z,webhook
Wed Apr 11 2018 02:00:00 GMT+0000 (UTC),safehouse-ap-devices-2018-04-11,1.0,Found 68042 Events,,2018-04-11T02:00:00.049Z,webhook
Wed Apr 11 2018 02:10:00 GMT+0000 (UTC),safehouse-ap-devices-2018-04-11,1.0,Found 79024 Events,,2018-04-11T02:10:00.022Z,webhook
Wed Apr 11 2018 02:15:00 GMT+0000 (UTC),safehouse-ap-devices-2018-04-11,1.0,Found 84585 Events,,2018-04-11T02:15:00.019Z,webhook
Wed Apr 11 2018 04:35:00 GMT+0000 (UTC),safehouse-ap-devices-2018-04-11,1.0,Found 167925 Events,,2018-04-11T04:35:00.082Z,webhook
Wed Apr 11 2018 04:45:00 GMT+0000 (UTC),safehouse-ap-devices-2018-04-11,1.0,Found 168010 Events,,2018-04-11T04:45:00.014Z,webhook
Wed Apr 11 2018 05:10:00 GMT+0000 (UTC),safehouse-ap-devices-2018-04-11,1.0,Found 168114 Events,,2018-04-11T05:10:00.035Z,webhook
Wed Apr 11 2018 05:15:00 GMT+0000 (UTC),safehouse-ap-devices-2018-04-11,1.0,Found 168114 Events,,2018-04-11T05:15:00.036Z,webhook
Wed Apr 11 2018 05:50:00 GMT+0000 (UTC),safehouse-ap-devices-2018-04-11,1.0,Found 168188 Events,,2018-04-11T05:50:00.032Z,webhook
Wed Apr 11 2018 05:55:00 GMT+0000 (UTC),safehouse-ap-devices-2018-04-11,1.0,Found 168199 Events,,2018-04-11T05:55:00.040Z,webhook
Wed Apr 11 2018 06:00:00 GMT+0000 (UTC),safehouse-ap-devices-2018-04-11,1.0,Found 168199 Events,,2018-04-11T06:00:00.036Z,webhook
Wed Apr 11 2018 06:15:00 GMT+0000 (UTC),safehouse-ap-devices-2018-04-11,1.0,Found 168401 Events,,2018-04-11T06:15:00.049Z,webhook
Wed Apr 11 2018 06:25:00 GMT+0000 (UTC),safehouse-ap-devices-2018-04-11,1.0,Found 169302 Events,,2018-04-11T06:25:00.016Z,webhook
Wed Apr 11 2018 06:55:00 GMT+0000 (UTC),safehouse-ap-devices-2018-04-11,1.0,Found 172072 Events,,2018-04-11T06:55:00.021Z,webhook
Wed Apr 11 2018 08:30:00 GMT+0000 (UTC),safehouse-ap-devices-2018-04-11,1.0,Found 178008 Events,,2018-04-11T08:30:00.055Z,webhook
Wed Apr 11 2018 08:40:00 GMT+0000 (UTC),safehouse-ap-devices-2018-04-11,1.0,Found 178880 Events,,2018-04-11T08:40:00.015Z,webhook
Wed Apr 11 2018 09:15:00 GMT+0000 (UTC),safehouse-ap-devices-2018-04-11,1.0,Found 180805 Events,,2018-04-11T09:15:00.039Z,webhook
Wed Apr 11 2018 09:20:00 GMT+0000 (UTC),safehouse-ap-devices-2018-04-11,1.0,Found 181185 Events,,2018-04-11T09:20:00.020Z,webhook
Wed Apr 11 2018 09:25:00 GMT+0000 (UTC),safehouse-ap-devices-2018-04-11,1.0,Found 181284 Events,,2018-04-11T09:25:00.025Z,webhook
Wed Apr 11 2018 09:40:00 GMT+0000 (UTC),safehouse-ap-devices-2018-04-11,1.0,Found 181303 Events,,2018-04-11T09:40:00.026Z,webhook
Wed Apr 11 2018 10:00:00 GMT+0000 (UTC),safehouse-ap-devices-2018-04-11,1.0,Found 181375 Events,,2018-04-11T10:00:00.026Z,webhook
Wed Apr 11 2018 10:35:00 GMT+0000 (UTC),safehouse-ap-devices-2018-04-11,1.0,Found 181503 Events,,2018-04-11T10:35:00.020Z,webhook
Wed Apr 11 2018 12:25:00 GMT+0000 (UTC),safehouse-ap-devices-2018-04-11,1.0,Found 190156 Events,,2018-04-11T12:25:00.044Z,webhook
Wed Apr 11 2018 12:35:00 GMT+0000 (UTC),safehouse-ap-devices-2018-04-11,1.0,Found 190655 Events,,2018-04-11T12:35:00.018Z,webhook
Wed Apr 11 2018 12:50:00 GMT+0000 (UTC),safehouse-ap-devices-2018-04-11,1.0,Found 191309 Events,,2018-04-11T12:50:00.021Z,webhook
Wed Apr 11 2018 13:15:00 GMT+0000 (UTC),safehouse-ap-devices-2018-04-11,1.0,Found 194023 Events,,2018-04-11T13:15:00.024Z,webhook
Wed Apr 11 2018 10:50:00 GMT+0000 (UTC),safehouse-ap-devices-2018-04-11,1.0,Found 182246 Events,,2018-04-11T10:50:00.019Z,webhook
Wed Apr 11 2018 11:10:00 GMT+0000 (UTC),safehouse-ap-devices-2018-04-11,1.0,Found 184762 Events,,2018-04-11T11:10:00.020Z,webhook
Wed Apr 11 2018 11:20:00 GMT+0000 (UTC),safehouse-ap-devices-2018-04-11,1.0,Found 186405 Events,,2018-04-11T11:20:00.014Z,webhook
Wed Apr 11 2018 11:35:00 GMT+0000 (UTC),safehouse-ap-devices-2018-04-11,1.0,Found 187496 Events,,2018-04-11T11:35:00.024Z,webhook
Wed Apr 11 2018 12:00:00 GMT+0000 (UTC),safehouse-ap-devices-2018-04-11,1.0,Found 188909 Events,,2018-04-11T12:00:00.013Z,webhook
Wed Apr 11 2018 15:05:00 GMT+0000 (UTC),safehouse-ap-devices-2018-04-11,1.0,Found 209951 Events,,2018-04-11T15:05:00.020Z,webhook
Wed Apr 11 2018 13:20:00 GMT+0000 (UTC),safehouse-ap-devices-2018-04-11,1.0,Found 194756 Events,,2018-04-11T13:20:00.045Z,webhook
Wed Apr 11 2018 13:25:00 GMT+0000 (UTC),safehouse-ap-devices-2018-04-11,1.0,Found 195160 Events,,2018-04-11T13:25:00.014Z,webhook
Wed Apr 11 2018 13:55:00 GMT+0000 (UTC),safehouse-ap-devices-2018-04-11,1.0,Found 201732 Events,,2018-04-11T13:55:00.016Z,webhook
Wed Apr 11 2018 14:20:00 GMT+0000 (UTC),safehouse-ap-devices-2018-04-11,1.0,Found 205317 Events,,2018-04-11T14:20:00.027Z,webhook
Wed Apr 11 2018 14:45:00 GMT+0000 (UTC),safehouse-ap-devices-2018-04-11,1.0,Found 208411 Events,,2018-04-11T14:45:00.026Z,webhook
Wed Apr 11 2018 14:55:00 GMT+0000 (UTC),safehouse-ap-devices-2018-04-11,1.0,Found 209333 Events,,2018-04-11T14:55:00.025Z,webhook
Wed Apr 11 2018 15:30:00 GMT+0000 (UTC),safehouse-ap-devices-2018-04-11,1.0,Found 210173 Events,,2018-04-11T15:30:00.110Z,webhook
Wed Apr 11 2018 16:35:00 GMT+0000 (UTC),safehouse-ap-devices-2018-04-11,1.0,Found 213108 Events,,2018-04-11T16:35:00.084Z,webhook
Wed Apr 11 2018 17:00:00 GMT+0000 (UTC),safehouse-ap-devices-2018-04-11,1.0,Found 217147 Events,,2018-04-11T17:00:00.023Z,webhook
Wed Apr 11 2018 17:30:00 GMT+0000 (UTC),safehouse-ap-devices-2018-04-11,1.0,Found 223844 Events,,2018-04-11T17:30:00.057Z,webhook
Wed Apr 11 2018 18:00:00 GMT+0000 (UTC),safehouse-ap-devices-2018-04-11,1.0,Found 227822 Events,,2018-04-11T18:00:00.039Z,webhook
Wed Apr 11 2018 18:20:00 GMT+0000 (UTC),safehouse-ap-devices-2018-04-11,1.0,Found 227944 Events,,2018-04-11T18:20:00.020Z,webhook
Wed Apr 11 2018 18:27:18 GMT+0000 (UTC),safehouse-ap-devices-2018-04-11,1.0,Found 228055 Events,,2018-04-11T18:27:18.481Z,webhook
Wed Apr 11 2018 19:15:31 GMT+0000 (UTC),safehouse-ap-devices-2018-04-11,1.0,Found 240050 Events,,2018-04-11T19:15:31.502Z,webhook
Mon Apr 16 2018 19:04:15 GMT+0000 (UTC),safehouse-ap-devices-2018-04-16,1.0,Found 21 Events,21,2018-04-16T19:04:15.023Z,webhook
Mon Apr 16 2018 19:04:45 GMT+0000 (UTC),safehouse-ap-devices-2018-04-16,1.0,Found 21 Events,21,2018-04-16T19:04:45.027Z,webhook
Mon Apr 16 2018 19:04:50 GMT+0000 (UTC),safehouse-ap-devices-2018-04-16,1.0,Found 21 Events,21,2018-04-16T19:04:50.028Z,webhook
Mon Apr 16 2018 19:38:40 GMT+0000 (UTC),safehouse-ap-devices-2018-04-16,1.0,Found 1 Events,1,2018-04-16T19:38:40.163Z,webhook
Mon Apr 16 2018 19:58:10 GMT+0000 (UTC),safehouse-ap-devices-2018-04-16,1.0,Found 1 Events,1,2018-04-16T19:58:10.210Z,webhook
Tue Apr 10 2018 19:25:00 GMT+0000 (UTC),safehouse-ap-devices-2018-04-10,1.0,Found 162434 Events,,2018-04-10T19:25:00.095Z,webhook
Tue Apr 10 2018 19:40:00 GMT+0000 (UTC),safehouse-ap-devices-2018-04-10,1.0,Found 175101 Events,,2018-04-10T19:40:00.032Z,webhook
Tue Apr 10 2018 20:15:00 GMT+0000 (UTC),safehouse-ap-devices-2018-04-10,1.0,Found 217355 Events,,2018-04-10T20:15:00.016Z,webhook
Tue Apr 10 2018 20:35:00 GMT+0000 (UTC),safehouse-ap-devices-2018-04-10,1.0,Found 241154 Events,,2018-04-10T20:35:00.037Z,webhook
Tue Apr 10 2018 21:25:00 GMT+0000 (UTC),safehouse-ap-devices-2018-04-10,1.0,Found 261686 Events,,2018-04-10T21:25:00.024Z,webhook
Tue Apr 10 2018 21:45:00 GMT+0000 (UTC),safehouse-ap-devices-2018-04-10,1.0,Found 262534 Events,,2018-04-10T21:45:00.043Z,webhook
Tue Apr 10 2018 22:20:00 GMT+0000 (UTC),safehouse-ap-devices-2018-04-10,1.0,Found 263180 Events,,2018-04-10T22:20:00.019Z,webhook
Tue Apr 10 2018 22:55:00 GMT+0000 (UTC),safehouse-ap-devices-2018-04-10,1.0,Found 263740 Events,,2018-04-10T22:55:00.042Z,webhook
Tue Apr 10 2018 23:55:00 GMT+0000 (UTC),safehouse-ap-devices-2018-04-10,1.0,Found 286552 Events,,2018-04-10T23:55:00.020Z,webhook
Wed Apr 11 2018 02:50:00 GMT+0000 (UTC),safehouse-ap-devices-2018-04-11,1.0,Found 128535 Events,,2018-04-11T02:50:00.016Z,webhook
Wed Apr 11 2018 03:30:00 GMT+0000 (UTC),safehouse-ap-devices-2018-04-11,1.0,Found 167159 Events,,2018-04-11T03:30:00.043Z,webhook
Wed Apr 11 2018 03:35:00 GMT+0000 (UTC),safehouse-ap-devices-2018-04-11,1.0,Found 167554 Events,,2018-04-11T03:35:00.044Z,webhook
Wed Apr 11 2018 03:45:00 GMT+0000 (UTC),safehouse-ap-devices-2018-04-11,1.0,Found 167597 Events,,2018-04-11T03:45:00.019Z,webhook
Wed Apr 11 2018 04:00:00 GMT+0000 (UTC),safehouse-ap-devices-2018-04-11,1.0,Found 167687 Events,,2018-04-11T04:00:00.021Z,webhook
Wed Apr 11 2018 04:20:00 GMT+0000 (UTC),safehouse-ap-devices-2018-04-11,1.0,Found 167776 Events,,2018-04-11T04:20:00.024Z,webhook
Wed Apr 11 2018 04:40:00 GMT+0000 (UTC),safehouse-ap-devices-2018-04-11,1.0,Found 167983 Events,,2018-04-11T04:40:00.039Z,webhook
Wed Apr 11 2018 01:00:00 GMT+0000 (UTC),safehouse-ap-devices-2018-04-11,1.0,Found 35494 Events,,2018-04-11T01:00:00.025Z,webhook
Wed Apr 11 2018 01:15:00 GMT+0000 (UTC),safehouse-ap-devices-2018-04-11,1.0,Found 44988 Events,,2018-04-11T01:15:00.057Z,webhook
Wed Apr 11 2018 01:55:00 GMT+0000 (UTC),safehouse-ap-devices-2018-04-11,1.0,Found 64012 Events,,2018-04-11T01:55:00.070Z,webhook
Wed Apr 11 2018 05:05:00 GMT+0000 (UTC),safehouse-ap-devices-2018-04-11,1.0,Found 168114 Events,,2018-04-11T05:05:00.020Z,webhook
Wed Apr 11 2018 05:35:00 GMT+0000 (UTC),safehouse-ap-devices-2018-04-11,1.0,Found 168152 Events,,2018-04-11T05:35:00.037Z,webhook
Wed Apr 11 2018 05:40:00 GMT+0000 (UTC),safehouse-ap-devices-2018-04-11,1.0,Found 168160 Events,,2018-04-11T05:40:00.035Z,webhook
Wed Apr 11 2018 05:45:00 GMT+0000 (UTC),safehouse-ap-devices-2018-04-11,1.0,Found 168160 Events,,2018-04-11T05:45:00.049Z,webhook
Wed Apr 11 2018 06:40:00 GMT+0000 (UTC),safehouse-ap-devices-2018-04-11,1.0,Found 170296 Events,,2018-04-11T06:40:00.037Z,webhook
Wed Apr 11 2018 07:15:00 GMT+0000 (UTC),safehouse-ap-devices-2018-04-11,1.0,Found 174031 Events,,2018-04-11T07:15:00.015Z,webhook
Wed Apr 11 2018 07:20:00 GMT+0000 (UTC),safehouse-ap-devices-2018-04-11,1.0,Found 174378 Events,,2018-04-11T07:20:00.044Z,webhook
Wed Apr 11 2018 07:35:00 GMT+0000 (UTC),safehouse-ap-devices-2018-04-11,1.0,Found 174397 Events,,2018-04-11T07:35:00.041Z,webhook
Wed Apr 11 2018 07:40:00 GMT+0000 (UTC),safehouse-ap-devices-2018-04-11,1.0,Found 174416 Events,,2018-04-11T07:40:00.022Z,webhook
Wed Apr 11 2018 07:55:00 GMT+0000 (UTC),safehouse-ap-devices-2018-04-11,1.0,Found 175186 Events,,2018-04-11T07:55:00.020Z,webhook
Wed Apr 11 2018 08:20:00 GMT+0000 (UTC),safehouse-ap-devices-2018-04-11,1.0,Found 177303 Events,,2018-04-11T08:20:00.018Z,webhook
Wed Apr 11 2018 08:45:00 GMT+0000 (UTC),safehouse-ap-devices-2018-04-11,1.0,Found 179165 Events,,2018-04-11T08:45:00.016Z,webhook
Wed Apr 11 2018 08:55:00 GMT+0000 (UTC),safehouse-ap-devices-2018-04-11,1.0,Found 179979 Events,,2018-04-11T08:55:00.026Z,webhook
Wed Apr 11 2018 09:10:00 GMT+0000 (UTC),safehouse-ap-devices-2018-04-11,1.0,Found 180571 Events,,2018-04-11T09:10:00.019Z,webhook
Wed Apr 11 2018 09:35:00 GMT+0000 (UTC),safehouse-ap-devices-2018-04-11,1.0,Found 181295 Events,,2018-04-11T09:35:00.017Z,webhook
Wed Apr 11 2018 10:15:00 GMT+0000 (UTC),safehouse-ap-devices-2018-04-11,1.0,Found 181424 Events,,2018-04-11T10:15:00.040Z,webhook
Wed Apr 11 2018 10:25:00 GMT+0000 (UTC),safehouse-ap-devices-2018-04-11,1.0,Found 181459 Events,,2018-04-11T10:25:00.022Z,webhook
Wed Apr 11 2018 10:40:00 GMT+0000 (UTC),safehouse-ap-devices-2018-04-11,1.0,Found 181514 Events,,2018-04-11T10:40:00.028Z,webhook
Wed Apr 11 2018 14:10:00 GMT+0000 (UTC),safehouse-ap-devices-2018-04-11,1.0,Found 205169 Events,,2018-04-11T14:10:00.024Z,webhook
Wed Apr 11 2018 15:55:00 GMT+0000 (UTC),safehouse-ap-devices-2018-04-11,1.0,Found 211408 Events,,2018-04-11T15:55:00.060Z,webhook
Wed Apr 11 2018 16:10:00 GMT+0000 (UTC),safehouse-ap-devices-2018-04-11,1.0,Found 212743 Events,,2018-04-11T16:10:00.020Z,webhook
Wed Apr 11 2018 16:15:00 GMT+0000 (UTC),safehouse-ap-devices-2018-04-11,1.0,Found 212859 Events,,2018-04-11T16:15:00.033Z,webhook
Wed Apr 11 2018 12:05:00 GMT+0000 (UTC),safehouse-ap-devices-2018-04-11,1.0,Found 189114 Events,,2018-04-11T12:05:00.021Z,webhook
Wed Apr 11 2018 11:15:00 GMT+0000 (UTC),safehouse-ap-devices-2018-04-11,1.0,Found 185595 Events,,2018-04-11T11:15:00.013Z,webhook
Wed Apr 11 2018 11:25:00 GMT+0000 (UTC),safehouse-ap-devices-2018-04-11,1.0,Found 186992 Events,,2018-04-11T11:25:00.031Z,webhook
Wed Apr 11 2018 11:40:00 GMT+0000 (UTC),safehouse-ap-devices-2018-04-11,1.0,Found 187787 Events,,2018-04-11T11:40:00.014Z,webhook
Wed Apr 11 2018 13:10:00 GMT+0000 (UTC),safehouse-ap-devices-2018-04-11,1.0,Found 193293 Events,,2018-04-11T13:10:00.021Z,webhook
Wed Apr 11 2018 16:20:00 GMT+0000 (UTC),safehouse-ap-devices-2018-04-11,1.0,Found 212992 Events,,2018-04-11T16:20:00.024Z,webhook
Wed Apr 11 2018 16:55:00 GMT+0000 (UTC),safehouse-ap-devices-2018-04-11,1.0,Found 216748 Events,,2018-04-11T16:55:00.038Z,webhook
Wed Apr 11 2018 17:20:00 GMT+0000 (UTC),safehouse-ap-devices-2018-04-11,1.0,Found 221951 Events,,2018-04-11T17:20:00.012Z,webhook
Wed Apr 11 2018 17:50:00 GMT+0000 (UTC),safehouse-ap-devices-2018-04-11,1.0,Found 225545 Events,,2018-04-11T17:50:00.946Z,webhook
Wed Apr 11 2018 18:05:00 GMT+0000 (UTC),safehouse-ap-devices-2018-04-11,1.0,Found 227846 Events,,2018-04-11T18:05:00.058Z,webhook
Wed Apr 11 2018 18:15:00 GMT+0000 (UTC),safehouse-ap-devices-2018-04-11,1.0,Found 227897 Events,,2018-04-11T18:15:00.043Z,webhook
Wed Apr 11 2018 19:15:06 GMT+0000 (UTC),safehouse-ap-devices-2018-04-11,1.0,Found 239921 Events,,2018-04-11T19:15:06.525Z,webhook
Mon Apr 16 2018 19:04:20 GMT+0000 (UTC),safehouse-ap-devices-2018-04-16,1.0,Found 21 Events,21,2018-04-16T19:04:20.024Z,webhook
Mon Apr 16 2018 19:51:25 GMT+0000 (UTC),safehouse-ap-devices-2018-04-16,1.0,Found 1 Events,1,2018-04-16T19:51:25.258Z,webhook
Tue Apr 10 2018 19:35:00 GMT+0000 (UTC),safehouse-ap-devices-2018-04-10,1.0,Found 167519 Events,,2018-04-10T19:35:00.032Z,webhook
Tue Apr 10 2018 20:00:00 GMT+0000 (UTC),safehouse-ap-devices-2018-04-10,1.0,Found 198526 Events,,2018-04-10T20:00:00.031Z,webhook
Tue Apr 10 2018 20:20:00 GMT+0000 (UTC),safehouse-ap-devices-2018-04-10,1.0,Found 221881 Events,,2018-04-10T20:20:00.031Z,webhook
Tue Apr 10 2018 20:40:00 GMT+0000 (UTC),safehouse-ap-devices-2018-04-10,1.0,Found 247821 Events,,2018-04-10T20:40:00.050Z,webhook
Tue Apr 10 2018 20:45:00 GMT+0000 (UTC),safehouse-ap-devices-2018-04-10,1.0,Found 254559 Events,,2018-04-10T20:45:00.038Z,webhook
Tue Apr 10 2018 20:55:00 GMT+0000 (UTC),safehouse-ap-devices-2018-04-10,1.0,Found 259101 Events,,2018-04-10T20:55:00.052Z,webhook
Tue Apr 10 2018 21:55:00 GMT+0000 (UTC),safehouse-ap-devices-2018-04-10,1.0,Found 262916 Events,,2018-04-10T21:55:00.022Z,webhook
Tue Apr 10 2018 22:25:00 GMT+0000 (UTC),safehouse-ap-devices-2018-04-10,1.0,Found 263230 Events,,2018-04-10T22:25:00.056Z,webhook
Tue Apr 10 2018 22:30:00 GMT+0000 (UTC),safehouse-ap-devices-2018-04-10,1.0,Found 263321 Events,,2018-04-10T22:30:00.043Z,webhook
Tue Apr 10 2018 22:45:00 GMT+0000 (UTC),safehouse-ap-devices-2018-04-10,1.0,Found 263553 Events,,2018-04-10T22:45:00.042Z,webhook
Tue Apr 10 2018 22:50:00 GMT+0000 (UTC),safehouse-ap-devices-2018-04-10,1.0,Found 263648 Events,,2018-04-10T22:50:00.042Z,webhook
Tue Apr 10 2018 23:20:00 GMT+0000 (UTC),safehouse-ap-devices-2018-04-10,1.0,Found 263906 Events,,2018-04-10T23:20:00.043Z,webhook
Tue Apr 10 2018 23:35:00 GMT+0000 (UTC),safehouse-ap-devices-2018-04-10,1.0,Found 272564 Events,,2018-04-10T23:35:00.037Z,webhook
Wed Apr 11 2018 03:05:00 GMT+0000 (UTC),safehouse-ap-devices-2018-04-11,1.0,Found 141570 Events,,2018-04-11T03:05:00.024Z,webhook
Wed Apr 11 2018 02:35:00 GMT+0000 (UTC),safehouse-ap-devices-2018-04-11,1.0,Found 109791 Events,,2018-04-11T02:35:00.055Z,webhook
Wed Apr 11 2018 02:45:00 GMT+0000 (UTC),safehouse-ap-devices-2018-04-11,1.0,Found 121861 Events,,2018-04-11T02:45:00.047Z,webhook
Wed Apr 11 2018 03:10:00 GMT+0000 (UTC),safehouse-ap-devices-2018-04-11,1.0,Found 148360 Events,,2018-04-11T03:10:00.031Z,webhook
Wed Apr 11 2018 01:05:00 GMT+0000 (UTC),safehouse-ap-devices-2018-04-11,1.0,Found 39428 Events,,2018-04-11T01:05:00.014Z,webhook
Wed Apr 11 2018 01:10:00 GMT+0000 (UTC),safehouse-ap-devices-2018-04-11,1.0,Found 41655 Events,,2018-04-11T01:10:00.024Z,webhook
Wed Apr 11 2018 01:35:00 GMT+0000 (UTC),safehouse-ap-devices-2018-04-11,1.0,Found 56413 Events,,2018-04-11T01:35:00.045Z,webhook
Wed Apr 11 2018 01:40:00 GMT+0000 (UTC),safehouse-ap-devices-2018-04-11,1.0,Found 56424 Events,,2018-04-11T01:40:00.040Z,webhook
Wed Apr 11 2018 01:50:00 GMT+0000 (UTC),safehouse-ap-devices-2018-04-11,1.0,Found 59150 Events,,2018-04-11T01:50:00.036Z,webhook
Wed Apr 11 2018 02:20:00 GMT+0000 (UTC),safehouse-ap-devices-2018-04-11,1.0,Found 90421 Events,,2018-04-11T02:20:00.045Z,webhook
Wed Apr 11 2018 03:25:00 GMT+0000 (UTC),safehouse-ap-devices-2018-04-11,1.0,Found 163725 Events,,2018-04-11T03:25:00.033Z,webhook
Wed Apr 11 2018 03:40:00 GMT+0000 (UTC),safehouse-ap-devices-2018-04-11,1.0,Found 167574 Events,,2018-04-11T03:40:00.027Z,webhook
Wed Apr 11 2018 03:50:00 GMT+0000 (UTC),safehouse-ap-devices-2018-04-11,1.0,Found 167637 Events,,2018-04-11T03:50:00.015Z,webhook
Wed Apr 11 2018 03:55:00 GMT+0000 (UTC),safehouse-ap-devices-2018-04-11,1.0,Found 167659 Events,,2018-04-11T03:55:00.087Z,webhook
Wed Apr 11 2018 04:10:00 GMT+0000 (UTC),safehouse-ap-devices-2018-04-11,1.0,Found 167750 Events,,2018-04-11T04:10:00.034Z,webhook
Wed Apr 11 2018 04:15:00 GMT+0000 (UTC),safehouse-ap-devices-2018-04-11,1.0,Found 167765 Events,,2018-04-11T04:15:00.044Z,webhook
Wed Apr 11 2018 06:20:00 GMT+0000 (UTC),safehouse-ap-devices-2018-04-11,1.0,Found 168816 Events,,2018-04-11T06:20:00.031Z,webhook
Wed Apr 11 2018 06:35:00 GMT+0000 (UTC),safehouse-ap-devices-2018-04-11,1.0,Found 169939 Events,,2018-04-11T06:35:00.022Z,webhook
Wed Apr 11 2018 06:50:00 GMT+0000 (UTC),safehouse-ap-devices-2018-04-11,1.0,Found 171503 Events,,2018-04-11T06:50:00.027Z,webhook
Wed Apr 11 2018 07:05:00 GMT+0000 (UTC),safehouse-ap-devices-2018-04-11,1.0,Found 173049 Events,,2018-04-11T07:05:00.022Z,webhook
Wed Apr 11 2018 09:05:00 GMT+0000 (UTC),safehouse-ap-devices-2018-04-11,1.0,Found 180567 Events,,2018-04-11T09:05:00.060Z,webhook
Wed Apr 11 2018 11:05:00 GMT+0000 (UTC),safehouse-ap-devices-2018-04-11,1.0,Found 184241 Events,,2018-04-11T11:05:00.015Z,webhook
Wed Apr 11 2018 08:15:00 GMT+0000 (UTC),safehouse-ap-devices-2018-04-11,1.0,Found 176749 Events,,2018-04-11T08:15:00.045Z,webhook
Wed Apr 11 2018 08:35:00 GMT+0000 (UTC),safehouse-ap-devices-2018-04-11,1.0,Found 178480 Events,,2018-04-11T08:35:00.020Z,webhook
Wed Apr 11 2018 09:50:00 GMT+0000 (UTC),safehouse-ap-devices-2018-04-11,1.0,Found 181355 Events,,2018-04-11T09:50:00.027Z,webhook
Wed Apr 11 2018 10:20:00 GMT+0000 (UTC),safehouse-ap-devices-2018-04-11,1.0,Found 181436 Events,,2018-04-11T10:20:00.014Z,webhook
Wed Apr 11 2018 10:55:00 GMT+0000 (UTC),safehouse-ap-devices-2018-04-11,1.0,Found 182778 Events,,2018-04-11T10:55:00.021Z,webhook
Wed Apr 11 2018 12:15:00 GMT+0000 (UTC),safehouse-ap-devices-2018-04-11,1.0,Found 189744 Events,,2018-04-11T12:15:00.024Z,webhook
Wed Apr 11 2018 14:05:00 GMT+0000 (UTC),safehouse-ap-devices-2018-04-11,1.0,Found 204955 Events,,2018-04-11T14:05:00.032Z,webhook
Wed Apr 11 2018 13:45:00 GMT+0000 (UTC),safehouse-ap-devices-2018-04-11,1.0,Found 200559 Events,,2018-04-11T13:45:00.019Z,webhook
Wed Apr 11 2018 14:00:00 GMT+0000 (UTC),safehouse-ap-devices-2018-04-11,1.0,Found 202863 Events,,2018-04-11T14:00:00.027Z,webhook
Wed Apr 11 2018 14:30:00 GMT+0000 (UTC),safehouse-ap-devices-2018-04-11,1.0,Found 206288 Events,,2018-04-11T14:30:00.045Z,webhook
Wed Apr 11 2018 13:05:00 GMT+0000 (UTC),safehouse-ap-devices-2018-04-11,1.0,Found 192361 Events,,2018-04-11T13:05:00.039Z,webhook
Wed Apr 11 2018 12:30:00 GMT+0000 (UTC),safehouse-ap-devices-2018-04-11,1.0,Found 190408 Events,,2018-04-11T12:30:00.022Z,webhook
Wed Apr 11 2018 12:45:00 GMT+0000 (UTC),safehouse-ap-devices-2018-04-11,1.0,Found 191060 Events,,2018-04-11T12:45:00.014Z,webhook
Wed Apr 11 2018 12:55:00 GMT+0000 (UTC),safehouse-ap-devices-2018-04-11,1.0,Found 191554 Events,,2018-04-11T12:55:00.023Z,webhook
Wed Apr 11 2018 13:40:00 GMT+0000 (UTC),safehouse-ap-devices-2018-04-11,1.0,Found 200202 Events,,2018-04-11T13:40:00.025Z,webhook
Wed Apr 11 2018 14:40:00 GMT+0000 (UTC),safehouse-ap-devices-2018-04-11,1.0,Found 207785 Events,,2018-04-11T14:40:00.017Z,webhook
Wed Apr 11 2018 14:50:00 GMT+0000 (UTC),safehouse-ap-devices-2018-04-11,1.0,Found 208816 Events,,2018-04-11T14:50:00.024Z,webhook
Wed Apr 11 2018 15:15:00 GMT+0000 (UTC),safehouse-ap-devices-2018-04-11,1.0,Found 210035 Events,,2018-04-11T15:15:00.022Z,webhook
Wed Apr 11 2018 15:45:00 GMT+0000 (UTC),safehouse-ap-devices-2018-04-11,1.0,Found 210354 Events,,2018-04-11T15:45:00.142Z,webhook
Wed Apr 11 2018 15:50:00 GMT+0000 (UTC),safehouse-ap-devices-2018-04-11,1.0,Found 210774 Events,,2018-04-11T15:50:00.083Z,webhook
Wed Apr 11 2018 16:00:00 GMT+0000 (UTC),safehouse-ap-devices-2018-04-11,1.0,Found 212366 Events,,2018-04-11T16:00:00.040Z,webhook
Wed Apr 11 2018 16:25:00 GMT+0000 (UTC),safehouse-ap-devices-2018-04-11,1.0,Found 213069 Events,,2018-04-11T16:25:00.026Z,webhook
Wed Apr 11 2018 17:55:00 GMT+0000 (UTC),safehouse-ap-devices-2018-04-11,1.0,Found 227258 Events,,2018-04-11T17:55:00.035Z,webhook
Wed Apr 11 2018 18:10:00 GMT+0000 (UTC),safehouse-ap-devices-2018-04-11,1.0,Found 227869 Events,,2018-04-11T18:10:00.054Z,webhook
Wed Apr 11 2018 18:30:20 GMT+0000 (UTC),safehouse-ap-devices-2018-04-11,1.0,Found 228082 Events,,2018-04-11T18:30:20.093Z,webhook
Mon Apr 16 2018 19:04:05 GMT+0000 (UTC),safehouse-ap-devices-2018-04-16,1.0,Found 21 Events,21,2018-04-16T19:04:05.017Z,webhook
Mon Apr 16 2018 19:04:10 GMT+0000 (UTC),safehouse-ap-devices-2018-04-16,1.0,Found 21 Events,21,2018-04-16T19:04:10.018Z,webhook
Mon Apr 16 2018 19:04:25 GMT+0000 (UTC),safehouse-ap-devices-2018-04-16,1.0,Found 21 Events,21,2018-04-16T19:04:25.042Z,webhook
Mon Apr 16 2018 19:04:35 GMT+0000 (UTC),safehouse-ap-devices-2018-04-16,1.0,Found 21 Events,21,2018-04-16T19:04:35.040Z,webhook
Mon Apr 16 2018 19:04:40 GMT+0000 (UTC),safehouse-ap-devices-2018-04-16,1.0,Found 21 Events,21,2018-04-16T19:04:40.027Z,webhook
Mon Apr 16 2018 19:04:55 GMT+0000 (UTC),safehouse-ap-devices-2018-04-16,1.0,Found 21 Events,21,2018-04-16T19:04:55.033Z,webhook
Mon Apr 16 2018 19:39:35 GMT+0000 (UTC),safehouse-ap-devices-2018-04-16,1.0,Found 1 Events,1,2018-04-16T19:39:35.160Z,webhook
Mon Apr 16 2018 19:51:30 GMT+0000 (UTC),safehouse-ap-devices-2018-04-16,1.0,Found 1 Events,1,2018-04-16T19:51:30.258Z,webhook
Mon Apr 16 2018 19:59:30 GMT+0000 (UTC),safehouse-ap-devices-2018-04-16,1.0,Found 1 Events,1,2018-04-16T19:59:30.215Z,webhook
Tue Apr 10 2018 23:05:00 GMT+0000 (UTC),safehouse-ap-devices-2018-04-10,1.0,Found 263831 Events,,2018-04-10T23:05:00.061Z,webhook
Tue Apr 10 2018 19:45:00 GMT+0000 (UTC),safehouse-ap-devices-2018-04-10,1.0,Found 179355 Events,,2018-04-10T19:45:00.032Z,webhook
Tue Apr 10 2018 19:50:00 GMT+0000 (UTC),safehouse-ap-devices-2018-04-10,1.0,Found 183811 Events,,2018-04-10T19:50:00.041Z,webhook
Tue Apr 10 2018 21:00:00 GMT+0000 (UTC),safehouse-ap-devices-2018-04-10,1.0,Found 259574 Events,,2018-04-10T21:00:00.014Z,webhook
Tue Apr 10 2018 21:20:00 GMT+0000 (UTC),safehouse-ap-devices-2018-04-10,1.0,Found 261303 Events,,2018-04-10T21:20:00.105Z,webhook
Tue Apr 10 2018 21:30:00 GMT+0000 (UTC),safehouse-ap-devices-2018-04-10,1.0,Found 261853 Events,,2018-04-10T21:30:00.043Z,webhook
Tue Apr 10 2018 21:40:00 GMT+0000 (UTC),safehouse-ap-devices-2018-04-10,1.0,Found 262289 Events,,2018-04-10T21:40:00.028Z,webhook
Tue Apr 10 2018 22:35:00 GMT+0000 (UTC),safehouse-ap-devices-2018-04-10,1.0,Found 263348 Events,,2018-04-10T22:35:00.050Z,webhook
Tue Apr 10 2018 23:00:00 GMT+0000 (UTC),safehouse-ap-devices-2018-04-10,1.0,Found 263780 Events,,2018-04-10T23:00:00.020Z,webhook
Tue Apr 10 2018 23:10:00 GMT+0000 (UTC),safehouse-ap-devices-2018-04-10,1.0,Found 263855 Events,,2018-04-10T23:10:00.032Z,webhook
Tue Apr 10 2018 23:40:00 GMT+0000 (UTC),safehouse-ap-devices-2018-04-10,1.0,Found 277895 Events,,2018-04-10T23:40:00.035Z,webhook
Wed Apr 11 2018 02:40:00 GMT+0000 (UTC),safehouse-ap-devices-2018-04-11,1.0,Found 116266 Events,,2018-04-11T02:40:00.047Z,webhook
Wed Apr 11 2018 02:05:00 GMT+0000 (UTC),safehouse-ap-devices-2018-04-11,1.0,Found 72834 Events,,2018-04-11T02:05:00.045Z,webhook
Wed Apr 11 2018 00:20:00 GMT+0000 (UTC),safehouse-ap-devices-2018-04-11,1.0,Found 14177 Events,,2018-04-11T00:20:00.021Z,webhook
Wed Apr 11 2018 00:45:00 GMT+0000 (UTC),safehouse-ap-devices-2018-04-11,1.0,Found 22185 Events,,2018-04-11T00:45:00.026Z,webhook
Wed Apr 11 2018 01:20:00 GMT+0000 (UTC),safehouse-ap-devices-2018-04-11,1.0,Found 48159 Events,,2018-04-11T01:20:00.047Z,webhook
Wed Apr 11 2018 01:30:00 GMT+0000 (UTC),safehouse-ap-devices-2018-04-11,1.0,Found 56394 Events,,2018-04-11T01:30:00.040Z,webhook
Wed Apr 11 2018 02:25:00 GMT+0000 (UTC),safehouse-ap-devices-2018-04-11,1.0,Found 97857 Events,,2018-04-11T02:25:00.045Z,webhook
Wed Apr 11 2018 00:10:00 GMT+0000 (UTC),safehouse-ap-devices-2018-04-11,1.0,Found 2843 Events,,2018-04-11T00:10:00.030Z,webhook
Wed Apr 11 2018 00:15:00 GMT+0000 (UTC),safehouse-ap-devices-2018-04-11,1.0,Found 8731 Events,,2018-04-11T00:15:00.036Z,webhook
Wed Apr 11 2018 00:05:00 GMT+0000 (UTC),safehouse-ap-devices-2018-04-11,1.0,Found 51 Events,,2018-04-11T00:05:00.044Z,webhook
Wed Apr 11 2018 04:05:00 GMT+0000 (UTC),safehouse-ap-devices-2018-04-11,1.0,Found 167735 Events,,2018-04-11T04:05:00.034Z,webhook
Wed Apr 11 2018 06:05:00 GMT+0000 (UTC),safehouse-ap-devices-2018-04-11,1.0,Found 168199 Events,,2018-04-11T06:05:00.032Z,webhook
Wed Apr 11 2018 03:00:00 GMT+0000 (UTC),safehouse-ap-devices-2018-04-11,1.0,Found 135609 Events,,2018-04-11T03:00:00.041Z,webhook
Wed Apr 11 2018 03:20:00 GMT+0000 (UTC),safehouse-ap-devices-2018-04-11,1.0,Found 159972 Events,,2018-04-11T03:20:00.032Z,webhook
Wed Apr 11 2018 04:30:00 GMT+0000 (UTC),safehouse-ap-devices-2018-04-11,1.0,Found 167856 Events,,2018-04-11T04:30:00.042Z,webhook
Wed Apr 11 2018 04:50:00 GMT+0000 (UTC),safehouse-ap-devices-2018-04-11,1.0,Found 168085 Events,,2018-04-11T04:50:00.038Z,webhook
Wed Apr 11 2018 05:25:00 GMT+0000 (UTC),safehouse-ap-devices-2018-04-11,1.0,Found 168130 Events,,2018-04-11T05:25:00.016Z,webhook
Wed Apr 11 2018 05:30:00 GMT+0000 (UTC),safehouse-ap-devices-2018-04-11,1.0,Found 168152 Events,,2018-04-11T05:30:00.037Z,webhook
Wed Apr 11 2018 06:10:00 GMT+0000 (UTC),safehouse-ap-devices-2018-04-11,1.0,Found 168210 Events,,2018-04-11T06:10:00.046Z,webhook
Wed Apr 11 2018 06:30:00 GMT+0000 (UTC),safehouse-ap-devices-2018-04-11,1.0,Found 169688 Events,,2018-04-11T06:30:00.035Z,webhook
Wed Apr 11 2018 06:45:00 GMT+0000 (UTC),safehouse-ap-devices-2018-04-11,1.0,Found 170864 Events,,2018-04-11T06:45:00.040Z,webhook
Wed Apr 11 2018 07:00:00 GMT+0000 (UTC),safehouse-ap-devices-2018-04-11,1.0,Found 172612 Events,,2018-04-11T07:00:00.039Z,webhook
Wed Apr 11 2018 07:10:00 GMT+0000 (UTC),safehouse-ap-devices-2018-04-11,1.0,Found 173518 Events,,2018-04-11T07:10:00.028Z,webhook
Wed Apr 11 2018 07:25:00 GMT+0000 (UTC),safehouse-ap-devices-2018-04-11,1.0,Found 174389 Events,,2018-04-11T07:25:00.027Z,webhook
Wed Apr 11 2018 07:30:00 GMT+0000 (UTC),safehouse-ap-devices-2018-04-11,1.0,Found 174397 Events,,2018-04-11T07:30:00.041Z,webhook
Wed Apr 11 2018 07:45:00 GMT+0000 (UTC),safehouse-ap-devices-2018-04-11,1.0,Found 174584 Events,,2018-04-11T07:45:00.044Z,webhook
Wed Apr 11 2018 08:00:00 GMT+0000 (UTC),safehouse-ap-devices-2018-04-11,1.0,Found 175457 Events,,2018-04-11T08:00:00.023Z,webhook
Wed Apr 11 2018 08:10:00 GMT+0000 (UTC),safehouse-ap-devices-2018-04-11,1.0,Found 176116 Events,,2018-04-11T08:10:00.044Z,webhook
Wed Apr 11 2018 11:30:00 GMT+0000 (UTC),safehouse-ap-devices-2018-04-11,1.0,Found 187257 Events,,2018-04-11T11:30:00.045Z,webhook
Wed Apr 11 2018 11:45:00 GMT+0000 (UTC),safehouse-ap-devices-2018-04-11,1.0,Found 188028 Events,,2018-04-11T11:45:00.022Z,webhook
Wed Apr 11 2018 12:10:00 GMT+0000 (UTC),safehouse-ap-devices-2018-04-11,1.0,Found 189455 Events,,2018-04-11T12:10:00.025Z,webhook
Wed Apr 11 2018 12:20:00 GMT+0000 (UTC),safehouse-ap-devices-2018-04-11,1.0,Found 190018 Events,,2018-04-11T12:20:00.017Z,webhook
Wed Apr 11 2018 08:50:00 GMT+0000 (UTC),safehouse-ap-devices-2018-04-11,1.0,Found 179647 Events,,2018-04-11T08:50:00.013Z,webhook
Wed Apr 11 2018 09:00:00 GMT+0000 (UTC),safehouse-ap-devices-2018-04-11,1.0,Found 180404 Events,,2018-04-11T09:00:00.053Z,webhook
Wed Apr 11 2018 09:45:00 GMT+0000 (UTC),safehouse-ap-devices-2018-04-11,1.0,Found 181322 Events,,2018-04-11T09:45:00.025Z,webhook
Wed Apr 11 2018 09:55:00 GMT+0000 (UTC),safehouse-ap-devices-2018-04-11,1.0,Found 181367 Events,,2018-04-11T09:55:00.015Z,webhook
Wed Apr 11 2018 11:00:00 GMT+0000 (UTC),safehouse-ap-devices-2018-04-11,1.0,Found 183563 Events,,2018-04-11T11:00:00.032Z,webhook
Wed Apr 11 2018 12:40:00 GMT+0000 (UTC),safehouse-ap-devices-2018-04-11,1.0,Found 190862 Events,,2018-04-11T12:40:00.020Z,webhook
Wed Apr 11 2018 13:50:00 GMT+0000 (UTC),safehouse-ap-devices-2018-04-11,1.0,Found 200861 Events,,2018-04-11T13:50:00.044Z,webhook
Wed Apr 11 2018 15:40:00 GMT+0000 (UTC),safehouse-ap-devices-2018-04-11,1.0,Found 210218 Events,,2018-04-11T15:40:00.087Z,webhook
Wed Apr 11 2018 16:30:00 GMT+0000 (UTC),safehouse-ap-devices-2018-04-11,1.0,Found 213080 Events,,2018-04-11T16:30:00.084Z,webhook
Wed Apr 11 2018 16:40:00 GMT+0000 (UTC),safehouse-ap-devices-2018-04-11,1.0,Found 213811 Events,,2018-04-11T16:40:00.023Z,webhook
Wed Apr 11 2018 16:45:00 GMT+0000 (UTC),safehouse-ap-devices-2018-04-11,1.0,Found 214924 Events,,2018-04-11T16:45:00.030Z,webhook
Wed Apr 11 2018 16:50:00 GMT+0000 (UTC),safehouse-ap-devices-2018-04-11,1.0,Found 216258 Events,,2018-04-11T16:50:00.053Z,webhook
Wed Apr 11 2018 17:25:00 GMT+0000 (UTC),safehouse-ap-devices-2018-04-11,1.0,Found 223309 Events,,2018-04-11T17:25:00.017Z,webhook
Wed Apr 11 2018 15:10:00 GMT+0000 (UTC),safehouse-ap-devices-2018-04-11,1.0,Found 210000 Events,,2018-04-11T15:10:00.019Z,webhook
Mon Apr 16 2018 19:04:00 GMT+0000 (UTC),safehouse-ap-devices-2018-04-16,1.0,Found 21 Events,21,2018-04-16T19:04:00.018Z,webhook
Mon Apr 16 2018 19:43:35 GMT+0000 (UTC),safehouse-ap-devices-2018-04-16,1.0,Found 1 Events,1,2018-04-16T19:43:35.175Z,webhook
Mon Apr 16 2018 19:51:50 GMT+0000 (UTC),safehouse-ap-devices-2018-04-16,1.0,Found 1 Events,1,2018-04-16T19:51:50.285Z,webhook
Mon Apr 16 2018 19:56:15 GMT+0000 (UTC),safehouse-ap-devices-2018-04-16,1.0,Found 1 Events,1,2018-04-16T19:56:15.233Z,webhook
Mon Apr 16 2018 19:56:20 GMT+0000 (UTC),safehouse-ap-devices-2018-04-16,1.0,Found 1 Events,1,2018-04-16T19:56:20.221Z,webhook
